id,psd_size_at_d10_mm,psd_size_at_d20_mm,psd_size_at_d30_mm,psd_size_at_d40_mm,psd_size_at_d50_mm,psd_size_at_d60_mm,psd_size_at_d70_mm,psd_size_at_d80_mm,psd_size_at_d90_mm,psd_size_at_d95_mm,psd_size_at_d98_mm,psd_has_sedimentation,psd_passing_at_0_002mm_pct,psd_passing_at_0_063mm_pct,psd_passing_at_2mm_pct,proctor_diam_mm,grain_density_g_cm3,hyd_cond_kf_m_s,hyd_cond_hyd_gradient,atterberg_liquid_limit_pct,atterberg_plastic_limit_pct,loss_on_ignition_pct,psd_C_U,psd_C_C,psd_fraction_clay,psd_fraction_silt,psd_fraction_sand,psd_fraction_gravel,log_diff_psd_size_at_d20_mm,log_diff_psd_size_at_d30_mm,log_diff_psd_size_at_d40_mm,log_diff_psd_size_at_d50_mm,log_diff_psd_size_at_d60_mm,log_diff_psd_size_at_d70_mm,log_diff_psd_size_at_d80_mm,log_diff_psd_size_at_d90_mm,log_diff_psd_size_at_d95_mm,log_diff_psd_size_at_d98_mm,atterberg_is_missing,kf_is_missing,loi_is_missing,log10_kf,atterberg_plasticity_index,psd_C_U_is_low,skempton_index,hazen_interaction,casagrande_interaction,proctor_mdd_g_cm3,proctor_owc_pct
0,0.136773,0.315214,0.547515,0.93393,1.788142,3.313938,7.21401,12.517275,20.160863,25.20054,28.810465,1.0,0.68,4.48,51.68,150.0,2.65,2.9640374399999987e-05,16.354999999999997,0.0,0.0,0.8040000000000002,24.22947511570266,0.6613742647625656,0.68,3.8000000000000003,47.2,48.32,0.362605125210666,0.6023956489201205,0.834313953265347,1.1164016311311489,1.3843440060969345,1.7221763670901185,1.9615094207210313,2.168508745545846,2.26540947408416,2.3235498949282727,1,1,1,-4.528116314902322,0.0,0,0.0,-5.253326565323654,14.6,2.068,8.06
1,0.014579,0.06206,0.119258,0.221877,0.42355,1.022249,2.978369,6.081199,10.622063,13.657046,15.879819,1.0,4.27,20.23,65.49,100.0,2.69,7.543255234385963e-06,22.536199999999997,31.31440000000001,18.608199999999997,1.3,70.117909321627,0.9543125017655448,4.27,15.96,45.25999999999999,34.510000000000005,0.6290840352892422,0.9127597858355966,1.1823845491897815,1.4631769501182936,1.8458289584255083,2.310250766972421,2.620261479456367,2.8624811369546808,2.9716290362537454,3.037117812022021,1,1,0,-5.122441197201187,12.706200000000013,0,0.5425547400000005,-6.380609267779672,4.446688000000007,2.037,10.42
2,0.003243,0.022301,0.087024,0.156595,0.217595,0.323793,0.512853,1.546115,10.921905,19.931186,26.230078,1.0,8.84,27.19,81.4,100.0,2.722,1.4e-10,30.0,26.45,13.75,1.8519999999999988,99.84366327474561,7.212132196940742,8.84,18.35,54.21000000000001,18.599999999999994,0.8373773890274143,1.4286920927981233,1.6838309424648128,1.8267019630454588,1.9993205069419293,2.1990459516485146,2.678294844924832,3.5273514459990647,3.788586193375763,3.9078526333744614,0,0,1,-9.853871964321762,12.7,0,1.12268,-11.528626742376591,7.9915,2.051,10.94
3,0.000355,0.000859,0.00208,0.004772,0.009031,0.015228,0.025404,0.04192,0.151357,0.367355,0.809442,1.0,29.56,84.32,99.61,100.0,2.67,1.1e-09,3.0,47.63,22.44,4.3,42.89577464788732,0.8003048498503496,29.56,54.75999999999999,15.290000000000006,0.39000000000000057,0.3837648107761482,0.7678349819076673,1.12847208194321,1.4055074892225718,1.6324145150872353,1.8546737510119427,2.072192920920576,2.629774158072142,3.0148576022662614,3.3579573820820046,0,0,0,-8.958607314841775,25.19,0,7.446164,-9.72613693639407,5.020099999999999,1.648,20.31
4,0.00036,0.004868,0.010546,0.015848,0.021282,0.026753,0.03351,0.042328,0.067946,0.203424,0.67814,1.0,15.09,89.55,99.28,100.0,2.67,1.7143146718765318e-07,9.8366,30.50839999999998,16.384399999999992,1.7,74.31388888888888,11.547834303110347,15.09,74.46,9.730000000000004,0.7199999999999989,1.13104806879074,1.466785266228158,1.6436719617632034,1.771709938088299,1.8710699887821949,1.9688719270679842,2.0703252477567133,2.2758613940163004,2.7520996889830758,3.275016861168976,1,1,0,-6.765909457957482,14.123999999999988,0,2.1313115999999983,-9.028005595538962,6.452868000000002,1.82,15.76
5,0.019744,0.142683,0.285699,0.353478,0.437337,0.544121,0.683417,0.858374,1.209994,1.615148,1.920746,1.0,0.0,15.72,98.7,100.0,2.67,5.245e-08,12.51,24.341399999999993,15.139800000000001,0.7,27.558802674230144,7.597781690025317,0.0,15.72,82.98,1.2999999999999972,0.8589370897243592,1.160473577920243,1.2529272467106767,1.3453810791400589,1.4402603451923892,1.5392506353205497,1.6382414120992264,1.7873480744316066,1.9127771816132721,1.9880347950791615,1,0,0,-7.280254507470423,9.201599999999992,0,0.0,-8.998128686919141,6.032377999999998,2.056,10.13
6,0.007377,0.068729,0.183111,0.282328,0.381776,0.517847,0.720926,1.008259,2.277577,5.454203,11.328627,0.0,4.16,19.61,89.16,100.0,2.63,5.334571926797384e-07,30.015,24.596799999999995,13.853400000000008,1.5699999999999996,70.19750576114951,8.777030766308084,4.16,15.45,69.55,10.840000000000003,0.9692602415558547,1.3948346509351073,1.5828741681652474,1.7139288399309154,1.8463216811694962,1.990010905059928,2.135692323871802,2.4895932850010674,2.8688515144558413,3.1862974942376416,1,1,1,-6.272900424840959,10.743399999999987,0,0.4469254399999995,-8.211420907952668,7.387735999999991,2.11,8.28
7,0.272051,0.350135,0.450631,0.560024,0.679114,0.823528,0.998651,1.385701,1.924588,2.74441,3.516315,0.0,0.0,1.49,91.17,100.0,2.65,2.72246e-06,30.0,0.0,0.0,0.31400000000000006,3.027108887671797,0.906386509130785,0.0,1.49,89.68,8.829999999999998,0.10958519902183894,0.21917073797033693,0.3135563126115959,0.3972923569648451,0.48102804317807285,0.5647634146069744,0.7070192037612891,0.8496874469802804,1.0037986665102197,1.1114374466778145,1,0,1,-5.565038492437897,0.0,1,0.0,-5.784208890481575,14.6,1.744,9.91
8,0.19551,0.42888,0.72635,1.17757,2.2243,4.16393,7.44262,14.38462,29.44681,42.131623,52.233622,0.0,0.0,0.0,48.33,150.0,2.67,5.0889009400000025e-05,14.626199999999997,0.0,0.0,0.4940000000000001,21.297785279525343,0.6480663711833253,0.0,0.0,48.33,51.67,0.3411668185019883,0.5699769651509194,0.7798177572492739,1.056024386132675,1.328334444242049,1.5805568699438013,1.866729417860201,2.1778692784355203,2.3334392136837816,2.4267811661484204,1,1,1,-4.293376002974239,0.0,0,0.0,-4.9757096399782155,14.6,2.15,7.96
9,0.001398,0.008234,0.022902,0.052877,0.132163,0.215478,0.295641,0.376182,0.478665,0.700775,0.96262,1.0,11.63,41.87,99.42,100.0,2.65,4.0212198691693596e-08,29.432399999999998,28.3,15.8,2.6,154.13304721030045,1.741152109491117,11.63,30.239999999999995,57.550000000000004,0.5799999999999983,0.7701036912518044,1.2143662389230796,1.5777596358772092,1.9756027168343377,2.1878957644962074,2.3252574911920583,2.4298908396672783,2.534524501606908,2.7000714286628726,2.837947709201369,0,1,0,-7.395642180227992,12.5,0,1.45375,-8.935849562731601,6.441,1.961,11.13
10,0.074093,0.273865,0.39213,0.729818,2.439525,5.397719,10.12973,16.931951,25.087087,30.536681,45.345019,0.0,0.0,9.51,47.69,150.0,2.702,1.0458685466666667e-05,20.331199999999995,0.0,0.0,1.2579999999999993,72.85059317344418,0.38447905614740163,0.0,9.51,38.18,52.31,0.5677593533093586,0.7236528898029706,0.9934373908901631,1.5175280935039346,1.8624330922886423,2.1358206901640036,2.3589298234108,2.5296730563430687,2.6150446526991784,2.786752408635002,1,1,1,-4.980522897729624,0.0,0,0.0,-6.116041604348341,14.6,2.157,8.23
11,0.062131,0.098724,0.156869,0.249261,0.396067,0.629339,1.0,2.115362,3.769146,4.732864,5.369354,0.0,0.0,10.3,79.0,100.0,2.65,1.639381586333334e-05,26.3218,0.0,0.0,1.1879999999999997,10.129226955947916,0.6293341034904644,0.0,10.3,68.7,21.0,0.201114399703896,0.4022287843912915,0.6033459893674251,0.8044603151771413,1.005576302065427,1.2066916563500767,1.5320763548458587,1.7829346167676543,1.881815681439634,1.9366136941703562,1,1,1,-4.785319947252775,0.0,0,0.0,-5.187548746660568,14.6,1.932,11.11
12,0.178671,0.284356,0.360453,0.456915,0.597076,0.794913,1.13921,2.295216,6.551546,12.411347,20.402187,0.0,0.0,3.86,78.55,100.0,2.65,0.00013151048,3.75,0.0,0.0,0.46599999999999997,4.44903201974579,0.9147946610425343,0.0,3.86,74.69,21.450000000000003,0.2018083283263853,0.3047945763399068,0.4077813475767824,0.5239755465732188,0.6482655313827641,0.8045497204449867,1.1087694946175872,1.5642897265478912,1.8417648498075678,2.0576226557464534,1,0,1,-3.881039637099577,0.0,1,0.0,-4.284656293752348,14.6,1.923,11.27
13,0.289382,0.401422,0.544898,0.707661,0.919044,1.341568,2.089188,3.604314,5.671522,7.037527,8.08237,0.0,0.0,1.44,69.2,100.0,2.65,2.526513e-05,30.0,0.0,0.0,0.3380000000000002,4.635975976391069,0.7647970837411173,0.0,1.44,67.76,30.799999999999997,0.14212965653897464,0.27484370002086034,0.38835374795687305,0.5018647902487035,0.6661411767851246,0.8585060087994992,1.0953511048996607,1.2922281072158814,1.3859485602193198,1.4460672141308544,1,0,1,-4.5974784627874214,0.0,1,0.0,-4.88173777586537,14.6,1.884,10.19
14,0.34325,0.57669,0.81966,1.37853,2.99623,4.96322,7.26308,15.37242,30.36286,42.67199,52.338711,0.0,0.0,0.0,44.79,150.0,2.65,4.467495119999999e-05,13.885999999999997,0.0,0.0,0.4780000000000002,14.459490167516387,0.39436050251344457,0.0,0.0,44.79,55.21,0.22533187475392902,0.37802319581056254,0.6038056758878692,0.9409646022030461,1.1601529802795492,1.3255102818636735,1.6511316956908688,1.9467321311867858,2.094532350661949,2.183212476703809,1,1,1,-4.3499359132169975,0.0,0,0.0,-4.8005996627248555,14.6,2.101,6.9
15,0.013152,0.067878,0.168313,0.284255,0.403336,0.601016,0.968103,2.263601,5.919468,9.738284,13.11792,1.0,2.66,19.36,78.68,100.0,2.67,1.727e-08,30.0,25.648199999999996,15.150600000000003,2.3,45.697688564476884,3.583913241587513,2.66,16.7,59.32000000000001,21.319999999999993,0.712737237312951,1.107125860700975,1.3347163124014805,1.4866751867597958,1.6598942335691884,1.8669297657404496,2.235808076927355,2.6532908769582972,2.8694906356366516,2.9988731778211393,1,0,0,-7.7627076624325415,10.497599999999993,0,0.27923615999999984,-9.188182137058444,6.374413999999996,2.036,10.31
16,0.00195,0.007188,0.016128,0.031243,0.064552,0.141196,0.222843,0.315901,0.431912,0.526532,0.854939,1.0,10.13,49.73,99.68,100.0,2.67,3.5e-09,30.0,34.3524,18.813999999999993,3.4,72.40820512820513,0.9447219903810744,10.13,39.599999999999994,49.95000000000001,0.3199999999999932,0.5665734570744183,0.9175459034029134,1.2047181174564225,1.519875091095971,1.8597877822191737,2.0579643851071516,2.20951638932514,2.3453606590461407,2.431390159222813,2.6419005175077883,1,0,0,-8.455931955649724,15.53840000000001,0,1.574039920000001,-9.589078869798561,5.061148000000008,1.818,15.97
17,0.179204,0.388294,0.656142,1.04081,1.726878,3.461812,7.289474,13.883202,21.506483,26.02795,29.185176,1.0,0.71,4.02,52.9,150.0,2.65,3.306798619999998e-05,14.695999999999994,0.0,0.0,0.6040000000000001,19.317716122407983,0.693976074229299,0.71,3.3099999999999996,48.879999999999995,47.1,0.33581298049766795,0.5636501387777257,0.764023756941024,0.9839139574434292,1.285955779736487,1.6093484919706675,1.8891419433805865,2.079221695820762,2.1620922644866076,2.2118146173578626,1,1,1,-4.480592252284895,0.0,0,0.0,-5.15221821328023,14.6,2.074,6.38
18,0.038667,0.253811,0.357957,0.505547,0.74972,1.223061,2.631011,6.357852,14.035809,20.993715,27.039497,0.0,0.0,11.66,66.57,150.0,2.65,8.395372866666664e-06,26.0458,0.0,0.0,1.3699999999999994,31.63061525331678,2.709399977946469,0.0,11.66,54.91,33.43000000000001,0.8171699617916148,0.9664903812394602,1.1164210591476076,1.2875586181030223,1.5001076395452437,1.8327821854232407,2.215969935649174,2.5598969712732,2.7347488187364455,2.8446581300086007,1,1,1,-5.075960010623044,0.0,0,0.0,-6.710299934206274,14.6,2.074,8.62
19,0.002397,0.007302,0.016432,0.033203,0.073775,0.152855,0.294587,0.667556,2.746702,6.129475,10.693073,1.0,8.96,47.94,87.89,100.0,2.65,4.4e-10,30.0,34.32,19.29,3.5,63.769294952023365,0.736941763162323,8.96,38.98,39.95,12.11,0.48377379458005487,0.8360223922195491,1.1415092913747211,1.4882411841383432,1.8046116153542235,2.0895455436636,2.444819669667166,3.0591435097058124,3.407755244013764,3.6494344976630737,0,0,0,-9.356547323513812,15.030000000000001,0,1.3466880000000003,-10.324094912673921,4.576400000000001,1.887,14.11
20,0.278723,0.354923,0.451956,0.55395,0.660591,0.787761,0.939412,1.234038,1.709712,2.052215,3.082853,0.0,0.0,0.57,94.81,100.0,2.65,8.11707348e-05,25.075599999999998,0.0,0.0,0.29200000000000015,2.826322190848979,0.9303043004822195,0.0,0.57,94.24000000000001,5.189999999999998,0.10496133592602236,0.20992334847272448,0.29829775887983,0.37475984466970524,0.45122166838727706,0.5276832957109439,0.6461557254005521,0.787750152071315,0.8670500497934154,1.0437800088844686,1,1,1,-4.090600522554012,0.0,1,0.0,-4.300523194406057,14.6,1.75,12.77
21,0.002867,0.015123,0.079781,0.193208,0.308621,0.447187,0.663011,0.99276,2.655087,6.991697,14.575309,0.0,7.86,28.58,88.32,100.0,2.63,6.4e-10,30.0,27.179400000000005,13.3014,2.214,155.9773282176491,4.964575141718223,7.86,20.72,59.739999999999995,11.680000000000007,0.7222102592113284,1.4444717826442839,1.8285974119690374,2.0319977811909595,2.1930614769087877,2.364093040887657,2.539416577428515,2.9666510633564593,3.387154906016337,3.706190077727956,1,0,1,-9.193820026016112,13.878000000000005,0,1.0908108000000005,-10.63824054443877,8.637038000000002,2.06,9.37
22,0.004178,0.02056,0.07578,0.201157,0.390253,0.75722,1.784362,4.304822,8.76895,13.114803,18.50316,1.0,7.03,28.45,71.19,150.0,2.65,2.0809145002192976e-06,25.620999999999995,35.67,20.66,3.0,181.23982766874101,1.815175788072338,7.03,21.419999999999998,42.739999999999995,28.810000000000002,0.6920546746789482,1.2585861652946844,1.6825667144048129,1.970377814663997,2.2582536405599485,2.6305145302332704,3.012986762882669,3.321979158120116,3.496793335709417,3.6462774686164696,0,1,0,-5.681745763539352,15.010000000000002,0,1.0552030000000001,-7.065855112897248,3.5709,1.937,11.64
23,0.001823,0.005071,0.009024,0.015581,0.026315,0.043771,0.081646,0.275425,0.568624,1.331392,6.221932,1.0,10.63,67.48,96.18,100.0,2.67,2.2e-10,30.0,48.6,25.74,5.2,24.010422380691168,1.0205282610025428,10.63,56.85,28.700000000000003,3.819999999999993,0.4443069418928971,0.694612417984291,0.9318086589142354,1.15941670569832,1.380399800039949,1.651148243988062,2.1792166894492175,2.4940385174198103,2.863519274402096,3.5331385917039912,0,0,0,-9.657577319177793,22.860000000000003,0,2.4300180000000005,-10.546191202963588,1.9820000000000029,1.711,19.3
24,0.047654,0.066362,0.092415,0.126473,0.144485,0.165062,0.188569,0.215424,0.246103,0.340381,0.433731,0.0,0.0,18.43,99.98,100.0,2.65,5.9560524713678905e-05,21.8502,31.080799999999996,18.188799999999993,1.4179999999999995,3.4637596004532667,1.0857715859309507,0.0,18.43,81.55000000000001,0.01999999999999602,0.14382010571550974,0.28764310736545684,0.4238984598695026,0.48172340179668005,0.5395477425198009,0.5973709374854326,0.6551947251400582,0.713017547308988,0.8538659493735311,0.959121103048119,1,1,1,-4.225041484874671,12.892000000000003,1,0.0,-4.512681696305691,4.803016000000007,1.807,11.14
25,0.022747,0.134662,0.305628,0.416124,0.545651,0.677027,0.840035,1.069271,1.515611,1.80442,2.034099,1.0,0.0,17.67,97.95,100.0,2.66,2.20102e-06,1.98,24.345799999999993,15.226599999999998,0.6,29.763353409240782,6.065354129612337,0.0,17.67,80.28,2.049999999999997,0.7723209327066214,1.1282690118453198,1.2622986368851783,1.3799908278449606,1.4736818611843918,1.5673732536735407,1.6721636607455108,1.8236636210216781,1.8994135045115774,1.9514479586845397,1,0,0,-5.657376011126718,9.119199999999996,0,0.0,-7.202017876539961,5.946766,2.104,8.91
26,0.002629,0.010768,0.044099,0.144024,0.247838,0.357361,0.516725,0.801281,1.661226,3.957441,9.406881,0.0,8.1,32.53,91.81,100.0,2.65,5.1e-10,30.25,30.066599999999994,16.566799999999997,2.338,135.93039178394827,2.069949460643498,8.1,24.43,59.28,8.189999999999998,0.6123444607735387,1.2246381553023837,1.7386442823713397,1.9743773096587176,2.1333165686413746,2.2934688878244254,2.4839942587524977,2.8006381335673107,3.177623862743145,3.553655063991684,1,0,1,-9.292429823902063,13.499799999999997,0,1.0934837999999996,-10.51711874544914,6.151182000000001,2.065,9.73
27,0.141229,0.284809,0.642959,2.094167,4.38692,8.327496,14.118328,20.055171,26.965356,31.267709,47.047253,1.0,0.36,4.91,39.39,150.0,2.7,1.92467872e-05,14.229799999999997,0.0,0.0,0.848,58.9644902959024,0.35150235814608727,0.36,4.55,34.480000000000004,60.61,0.3046298249254791,0.6582593958420756,1.1710874276565053,1.4922358306543306,1.770590548739694,1.999859383282582,2.15230248532026,2.2808822742559633,2.3451721774280525,2.522610386855156,1,1,1,-4.715641755389839,0.0,0,0.0,-5.324901405240798,14.6,2.192,7.58
28,0.142032,0.305941,0.474551,0.654492,0.888452,1.246555,1.785859,2.48347,3.40665,3.989898,6.1815,0.0,0.0,6.91,73.15,100.0,2.65,0.000104598,30.0,0.0,0.0,1.2,8.77657851751718,1.271944431206805,0.0,6.91,66.24000000000001,26.849999999999994,0.3332514793539312,0.523896690366937,0.6635181399058041,0.7962477668046007,0.943325242493342,1.0994609642563593,1.242672715604907,1.3799413138092287,1.448575590743666,1.6387076710440494,1,0,0,-3.980476619457921,0.0,0,0.0,-4.646979578165784,14.6,1.994,9.38
29,0.280914,0.366362,0.477801,0.58858,0.71656,0.872368,1.099317,1.497998,2.088978,2.904993,3.540559,0.0,0.0,0.67,89.34,100.0,2.65,0.00049430524,3.75,0.0,0.0,0.3,3.1054628818784398,0.9315818066827283,0.0,0.67,88.67,10.659999999999997,0.11533703738911166,0.23067367054648336,0.32123211683714714,0.40667917739380766,0.49212634269710315,0.5925495602026485,0.726937849718043,0.8713604824343865,1.0145717064197628,1.1004984520689791,1,0,0,-3.306004785673103,0.0,1,0.0,-3.5366788604513264,14.6,1.746,12.0
30,0.17895,0.35254,0.51191,0.68596,0.86,1.10252,1.62672,2.47096,4.58243,6.240378,7.510692,0.0,0.0,0.0,74.94,100.0,2.65,0.00012887048740000003,25.05,0.0,0.0,0.49599999999999994,6.161050572785694,1.3282170403758,0.0,0.0,74.94,25.060000000000002,0.2944766974488209,0.4564619107124812,0.5835670889490061,0.6817667485175446,0.7896547737003432,0.9585811034869424,1.140134012356395,1.4083641367901891,1.5424791943830205,1.622948249982041,1,1,1,-3.8898465289370696,0.0,0,0.0,-4.478799923834711,14.6,1.97,8.49
31,0.004157,0.046208,0.099872,0.1533,0.208753,0.281511,0.374479,0.498149,0.972734,2.267215,4.795025,1.0,6.56,23.04,94.45,100.0,2.65,2.4680614439481054e-07,20.9928,26.506200000000007,14.4802,1.5,67.71974981958142,8.523384883277574,6.56,16.48,71.41,5.549999999999997,1.0459371470473113,1.3806637224790237,1.5667621303481603,1.7008527009624008,1.8307153450042932,1.9546474438848493,2.0785792383322983,2.3692140715423147,2.736712681719188,3.0620108513036466,1,1,0,-6.607644032468845,12.026000000000007,0,0.7889056000000003,-8.699518326563467,7.276474000000002,2.033,9.49
32,0.001825,0.002395,0.003315,0.005712,0.014379,0.045983,0.166302,0.347948,0.618358,0.96265,1.868337,1.0,13.37,62.56,98.28,100.0,2.65,1.1e-10,30.0,48.01,23.67,3.9,25.196164383561644,0.1309504197352267,13.37,49.190000000000005,35.72,1.7199999999999989,0.11804264895808858,0.25922066394829857,0.4955253299756248,0.8964658149189568,1.4013344330895217,1.9596346034200556,2.2802514757274035,2.529977115048426,2.722205546371571,3.0101923457354487,0,0,0,-9.958607314841775,24.339999999999996,0,3.254257999999999,-10.194692612757951,3.892699999999998,1.771,16.78
33,0.013521,0.116286,0.271968,0.381952,0.531984,0.717777,0.968457,1.418371,2.173767,3.058465,3.753859,1.0,1.79,15.42,88.78,100.0,2.67,2.008341583333334e-06,8.895199999999999,24.67739999999999,14.724400000000003,1.138,53.08608830707788,7.621444025528145,1.79,13.629999999999999,73.36,11.219999999999999,0.9345186191456027,1.3035089947693657,1.4509999756578598,1.5948897578198133,1.7249807251671285,1.8550715297892206,2.0207810303121425,2.206204178644429,2.3544947021579956,2.443469143115365,1,1,1,-5.697162419445147,9.952999999999989,0,0.17815869999999978,-7.566199657736352,6.538497999999995,1.995,11.57
34,0.352044,0.518915,0.637806,0.783937,0.963548,1.397571,2.125081,3.493996,5.464981,6.771292,7.700541,0.0,0.0,0.26,68.78,100.0,2.65,0.00012553992460000006,14.027000000000001,0.0,0.0,0.5,3.9698759246003337,0.8268112432165917,0.0,0.26,68.52,31.22,0.1684992779003252,0.25809165354686003,0.34768421572273445,0.4372764074002484,0.5987769334373021,0.7807785414588879,0.996725456562027,1.1909917094888978,1.284074595487485,1.3399242906223683,1,1,0,-3.9012181365249905,0.0,1,0.0,-4.238216692325641,14.6,1.887,9.97
35,0.007235,0.019804,0.031575,0.093011,0.177971,0.271516,0.369477,0.507527,1.358514,3.787466,9.59307,1.0,4.73,36.85,92.31,100.0,2.65,1.8332844611810261e-07,28.807399999999998,32.754599999999996,18.45819999999999,2.8,37.52812715964063,0.5075195264169454,4.73,32.120000000000005,55.46,7.689999999999998,0.4373143822043901,0.6399048237723122,1.1090957782257425,1.3909107052468357,1.5743568914973167,1.7081488732190127,1.8460206158377817,2.273625582890622,2.718910207420675,3.1225190780447116,1,1,0,-6.736770142601221,14.296400000000006,0,0.6762197200000003,-7.611398907010002,4.985542000000008,1.939,11.22
36,0.12736,0.188038,0.263019,0.317647,0.38362,0.463297,0.632703,0.939133,2.213342,3.81687,8.163151,0.0,0.0,6.94,89.07,100.0,2.65,1.1718e-07,30.0,0.0,0.0,1.2,3.6376962939698494,1.1724159175042626,0.0,6.94,82.13,10.930000000000007,0.1692125729267958,0.3149540718494306,0.3969117076261893,0.47886819060559277,0.5608264376194816,0.6961668433043047,0.8676940510054589,1.240015474802114,1.4766743180322925,1.8068247796547956,1,0,0,-6.931146506328502,0.0,1,0.0,-7.269571652182093,14.6,1.898,8.66
37,0.149854,0.381877,0.883186,1.833354,4.278098,8.331801,12.224687,17.46908,23.457963,27.18319,29.696584,1.0,2.01,6.96,41.22,150.0,2.66,2.6013345999999986e-05,16.857199999999995,0.0,0.0,1.1999999999999995,55.59945680462317,0.6247368504767606,2.01,4.95,34.26,58.78,0.4062551622121538,0.7703838362277061,1.0875779905243341,1.4555823889906017,1.7450705486340876,1.911569408387664,2.0666016937865725,2.194621957035214,2.258632080779918,2.297038155361701,1,1,1,-4.5848037825263175,0.0,0,0.0,-5.397314106950625,14.6,2.175,7.47
38,0.193494,0.392582,0.713929,1.460804,3.239451,6.877837,11.138874,16.770735,24.220216,29.106567,38.698369,1.0,0.0,4.75,43.78,150.0,2.65,2.7480650199999986e-05,15.876399999999999,0.0,0.0,0.674,35.545479446391106,0.38299284901286607,0.0,4.75,39.03,56.22,0.30726288054034484,0.566987520832282,0.8779244467342966,1.2238039125335107,1.5507843764772609,1.7601737886985793,1.937884593911932,2.097510509285677,2.1773234825588377,2.301025158770743,1,1,1,-4.560972995959957,0.0,0,0.0,-5.175498757040646,14.6,2.125,8.29
39,0.02678,0.06723,0.125733,0.177355,0.25007,0.287601,0.330764,0.380405,0.437496,0.469179,0.48928,1.0,2.37,18.97,100.0,100.0,2.67,4.3507078113353095e-05,17.8124,27.200599999999998,17.647999999999993,1.5,10.739395070948468,2.0525681778931455,2.37,16.599999999999998,81.03,0.0,0.3997525385787335,0.671638705304162,0.8210328639537933,0.9702510214298139,1.030979819096492,1.0917076626297175,1.1524356439441146,1.213163513971784,1.243527992599935,1.261746891056236,1,1,0,-4.361440082459007,9.552600000000005,0,0.22639662000000013,-5.160945159616474,4.296162000000007,1.946,11.59
40,0.001213,0.010605,0.023241,0.044183,0.114932,0.25289,0.37097,0.569248,1.066763,2.927167,9.001245,1.0,11.6,44.05,93.89,100.0,2.65,7.246342265474035e-08,29.92,31.19359999999999,16.920399999999994,2.88,208.4830997526793,1.7608289264315562,11.6,32.449999999999996,49.84,6.109999999999999,0.9416498719860076,1.2823940098198132,1.5613944000127133,1.9765801633181679,2.319070855560931,2.485477989176349,2.671440712569945,2.9442071431830454,3.382586699534263,3.8704417818211114,1,1,1,-7.139881156846304,14.273199999999996,0,1.6556911999999995,-9.02318090081832,6.101872000000004,1.951,11.9
41,0.029989,0.172979,0.520789,0.984213,1.732293,3.628278,7.41975,13.762272,22.542239,28.312906,37.414514,1.0,1.44,13.98,52.55,150.0,2.65,7.65060813333333e-06,20.299799999999998,0.0,0.0,1.3019999999999994,120.98696188602487,2.4926486409023845,1.44,12.540000000000001,38.56999999999999,47.45,0.7610313978933638,1.239699818368487,1.5161271129163263,1.7616593662451334,2.082738571258227,2.393427288260857,2.661728152860595,2.8760350657916516,2.975022462867698,3.096078124070859,1,1,1,-5.116304042172674,0.0,0,0.0,-6.638366837959401,14.6,2.099,7.7
42,0.004866,0.047448,0.1422,0.24847,0.352999,0.500375,0.7281,1.121626,2.708511,6.116544,10.955261,1.0,6.53,22.02,87.76,100.0,2.63,4.109000526797386e-07,22.7406,25.610199999999995,13.649599999999998,2.0,102.83086724208796,8.304844116604285,6.53,15.489999999999998,65.74000000000001,12.239999999999995,0.9890458064304786,1.4657274917989476,1.7081018553921803,1.8606013704952975,2.0121234985183616,2.175018926456797,2.3626759633652075,2.745558499120041,3.0993339996293994,3.352450624130726,1,1,0,-6.386263803059087,11.960599999999998,0,0.7810271799999998,-8.364355415920045,7.865154000000001,1.974,10.91
43,0.024857,0.164585,0.423359,0.763695,1.19479,1.712979,2.416836,3.368896,5.774137,8.871387,13.731447,1.0,0.79,14.01,64.3,150.0,2.65,7.013000298245613e-06,21.608599999999996,0.0,0.0,1.14,68.9133443295651,4.209367486475643,0.79,13.219999999999999,50.29,35.7,0.8209415394955182,1.2312600843624653,1.4874712349195431,1.6818428667292133,1.8383033265165247,1.9877984690344666,2.132038891920436,2.3660383716344704,2.5525428127419367,2.742267592655984,1,1,1,-5.154096142631744,0.0,0,0.0,-6.79597922162278,14.6,2.034,10.08
44,0.340628,0.850356,2.25301,5.507339,10.022761,15.134178,21.672247,30.779061,44.015107,52.658824,58.639842,0.0,0.0,2.89,28.73,150.0,2.65,2.022715679999999e-05,13.811999999999998,0.0,0.0,0.47400000000000025,44.43022299987083,0.9846617245943833,0.0,2.89,25.84,71.27,0.3973204357993614,0.8204827747642833,1.2086614653827938,1.4687070298317946,1.6476784930151298,1.803623597152805,1.9559750217658463,2.111321417373514,2.189190811440317,2.235912446882802,1,1,1,-4.694065158892557,0.0,0,0.0,-5.488706030491279,14.6,2.129,7.58
45,0.001992,0.016241,0.053291,0.096607,0.151742,0.215732,0.322944,0.503661,1.638804,4.642763,9.368378,1.0,10.02,32.55,91.0,100.0,2.65,1.1133709441994881e-07,28.2744,28.9094,13.956399999999995,2.265999999999999,108.2991967871486,6.608514325877481,10.02,22.529999999999998,58.45,9.0,0.9113234322652175,1.4273645357198883,1.6857192618022594,1.8818164697951043,2.0346252356446857,2.209837886077763,2.4028489893319973,2.915237681222597,3.367487180631853,3.6723750714610675,1,1,1,-6.953360116726301,14.953000000000007,0,1.4982906000000005,-8.776006981256735,8.449138000000005,2.087,8.43
46,0.30137,0.423315,0.594604,0.835201,2.354293,6.798811,11.760816,18.167316,25.882943,31.151748,38.66311,0.0,0.0,1.9,49.2,150.0,2.65,1.8461523399999995e-05,16.466599999999993,0.0,0.0,0.4720000000000002,22.559680791054184,0.17255306042089597,0.0,1.9,47.300000000000004,50.8,0.1475636396919902,0.2951278083416676,0.44269098753819125,0.8927604932303181,1.3533329502907145,1.5913374373055422,1.780190752210741,1.9339136378139221,2.0143824028854618,2.1081967669571107,1,1,1,-4.73373246490729,0.0,0,0.0,-5.028859744291271,14.6,1.951,6.3
47,0.146277,0.269307,0.331316,0.407602,0.50175,0.643946,0.82644,1.177916,2.634722,5.162773,9.761675,0.0,0.0,6.61,87.63,100.0,2.65,1.405061e-05,30.0,0.0,0.0,1.2,4.402236851999973,1.1653578990916864,0.0,6.61,81.02,12.370000000000005,0.26507159722155704,0.355066364655563,0.44506026151593253,0.5353113363625761,0.6436734050390923,0.7520352842359979,0.9059382761828173,1.2555587530304417,1.54770698534137,1.8243482995954456,1,0,0,-4.852304820678246,0.0,1,0.0,-5.38244801512136,14.6,1.903,8.45
48,0.148151,0.264076,0.440611,0.723422,1.238927,2.318119,4.344146,8.686895,14.354969,20.568056,26.81708,1.0,0.88,4.94,57.6,150.0,2.65,2.5526329799999985e-05,18.111199999999997,0.0,0.0,0.83,15.647002045210629,0.5652887684320926,0.88,4.0600000000000005,52.660000000000004,42.4,0.2510243457891276,0.473350747998833,0.6886871247067716,0.9223411303930497,1.1944311393300873,1.467199825531801,1.7681599848950245,1.9862976717038716,2.142488658819072,2.2577069003177317,1,1,1,-4.593011623981165,0.0,0,0.0,-5.0950603155594205,14.6,2.155,7.0
49,0.039275,0.140258,0.23905,0.327026,0.438452,0.616413,0.900636,1.838642,5.568438,11.296295,19.212015,0.0,0.0,13.2,81.0,100.0,2.65,6.15e-09,30.0,0.0,0.0,1.0919999999999996,15.694793125397837,2.3604212351436247,0.0,13.2,67.8,19.0,0.5528114481004563,0.7843725543197972,0.9204660886352767,1.0478058617410948,1.1957555955957753,1.3604331087737451,1.6703809827474043,2.1516171947981304,2.458819831638713,2.68945672333542,1,0,1,-8.211124884224583,0.0,0,0.0,-9.316747780425496,14.6,2.024,8.55
50,0.167345,0.305821,0.427665,0.604396,0.86206,1.425012,2.848828,6.607852,14.043692,27.61257,45.417111,0.0,0.0,5.05,65.57,100.0,2.65,6.54685e-06,30.0,0.0,0.0,0.5,8.515414263945742,0.7669660777466896,0.0,5.05,60.519999999999996,34.43000000000001,0.26185456320279865,0.40749096829033976,0.5577088405729402,0.7119247532213869,0.930205780680224,1.2310534883297133,1.5964475664032785,1.9238685552789545,2.217494088985383,2.4336067642567243,1,0,0,-5.183967609424508,0.0,0,0.0,-5.7076767358301055,14.6,2.054,9.06
51,0.003765,0.022501,0.122144,0.211038,0.322875,0.469818,0.771959,1.595781,5.088951,9.682384,13.087748,1.0,8.54,25.13,82.43,100.0,2.66,2e-10,30.0,22.65,12.41,1.6,124.78565737051792,8.434311649499357,8.54,16.59,57.30000000000001,17.569999999999993,0.7764368391226966,1.5111071577322854,1.748595681890933,1.9332694386446543,2.096164671221431,2.3118292543241408,2.627208309349187,3.1308632886639356,3.4102173220786254,3.54109994368302,0,0,0,-9.698970004336019,10.239999999999998,0,0.8744959999999997,-11.251843682581413,8.305499999999999,2.095,8.71
52,0.264524,0.393706,0.613772,1.050535,2.562165,4.818458,7.905502,12.239313,20.250492,27.498752,38.214285,0.0,0.0,3.38,46.53,150.0,2.65,2.287343759999999e-05,15.565599999999995,0.0,0.0,0.54,18.215579682750903,0.2955568201320241,0.0,3.38,43.15,53.47,0.1727069521347835,0.36554199096444717,0.5989454448272259,0.9861420130270202,1.2604429965504358,1.475464371611531,1.6652919600170422,1.8839704979037637,2.0168479030436632,2.1597606569591825,1,1,1,-4.640668561299649,0.0,0,0.0,-4.986082465569217,14.6,2.168,5.97
53,0.040236,0.075662,0.130809,0.163259,0.203757,0.255023,0.330201,0.427541,0.695922,1.291963,8.979696,0.0,0.0,17.1,96.16,100.0,2.65,1.819644360093568e-05,26.3458,27.7192,17.68059999999999,1.3999999999999995,6.338179739536733,1.667558588211009,0.0,17.1,79.06,3.8400000000000034,0.2742630174893188,0.5120228261316154,0.6082623325386532,0.7044977382258889,0.8019645508502036,0.9141635846951037,1.0263629692250662,1.2379457664733462,1.5066352767786548,2.348646834768,1,1,1,-4.740013484290411,10.03860000000001,0,0.0,-5.288539519269048,4.403584000000009,1.992,9.2
54,0.013923,0.089154,0.19182,0.276334,0.33844,0.414503,0.529732,1.353232,9.437089,17.21511,24.977731,0.0,0.0,18.13,82.26,100.0,2.65,1.4166382194736843e-06,24.628399999999996,24.9206,14.294000000000004,0.7,29.77109818286289,6.375691166789677,0.0,18.13,64.13000000000001,17.739999999999995,0.8064080099470698,1.1391610635166391,1.297701500445738,1.3857488632396888,1.4737948550014743,1.5803233854088656,1.987639435899733,2.831105227705824,3.092176978937747,3.2538201609820483,1,1,0,-5.848741045551455,10.626599999999996,0,0.0,-7.461557065445595,7.034561999999996,2.051,8.27
55,0.00248,0.00833,0.01696,0.02567,0.03803,0.06681,0.20456,0.38502,0.76225,1.072518,1.316403,1.0,8.21,58.96,100.0,100.0,2.67,3.3842689497081005e-08,28.89,32.672399999999996,18.710199999999997,3.284,26.939516129032256,1.7360352661133402,8.21,50.75,41.04,0.0,0.5261933205805711,0.8349741670944786,1.014974187845227,1.185674644585366,1.430389790927484,1.9163690341920625,2.1910316088486175,2.487645752211202,2.6359529088278184,2.724937182527175,1,1,1,-7.470535130641052,13.9622,0,1.1462966200000002,-8.522921771802194,4.711348000000003,1.894,14.06
56,0.149002,0.306,0.511615,0.936252,2.02864,4.617198,8.438489,14.711877,21.837485,26.227481,29.274465,0.0,0.0,5.77,49.84,150.0,2.66,2.925198979999999e-05,20.188,0.0,0.0,0.8319999999999999,30.987490100804017,0.3804660778598258,0.0,5.77,44.07000000000001,50.16,0.31252932865229655,0.5357511712097992,0.7982006606091191,1.134012886668256,1.4911864010371323,1.7530725907738485,1.9944759874569788,2.1660105218482766,2.2455644832553943,2.29329686912021,1,1,1,-4.533844586683743,0.0,0,0.0,-5.158903243988336,14.6,2.168,6.94
57,0.007454,0.053429,0.136816,0.221776,0.326298,0.464982,0.792934,1.964315,8.363305,17.758994,25.046882,1.0,6.33,21.58,80.16,100.0,2.63,2.82807123393142e-07,29.955,23.43,13.83,1.6,62.3801985511135,5.400677553715472,6.33,15.249999999999998,58.58,19.840000000000003,0.8553876574000077,1.2637475006723053,1.4735251577617614,1.641225023428204,1.7950467527474434,2.0268476518270524,2.4208217446218487,3.049988546870093,3.3770289720887714,3.526364281327297,0,1,0,-6.548509655655294,9.6,0,0.60768,-8.259284970455308,7.0961,2.083,9.28
58,0.131005,0.286911,0.477811,0.812382,1.536789,3.037918,6.666096,11.872687,20.001425,26.383663,31.152979,1.0,0.63,5.04,53.74,150.0,2.67,2.8675359599999987e-05,14.9584,0.0,0.0,0.792,23.189328651578183,0.5736518107858798,0.63,4.41,48.7,46.26,0.3404593276970258,0.5619682722419839,0.792472420684027,1.069326371815021,1.3652881756696618,1.7065836922807636,1.9572611471707897,2.18377306657881,2.3040472196035178,2.3762117108756478,1,1,1,-4.542491127173287,0.0,0,0.0,-5.223409782567339,14.6,2.194,7.3
59,0.000465,0.001105,0.002627,0.009323,0.021256,0.036595,0.058997,0.104937,0.205229,0.342632,0.578682,1.0,26.85,71.28,99.8,100.0,2.66,2.582964426795427e-08,26.19,43.883199999999995,22.53320000000001,4.8,78.6989247311828,0.40555096691921305,26.85,44.43,28.519999999999996,0.20000000000000284,0.37590932513117536,0.7520071198961165,1.3021027313308897,1.6600285885122672,1.895968798604248,2.1033769754204785,2.353475691286552,2.6447857761136353,2.8673749684202967,3.094987020881486,1,1,0,-7.587881574993092,21.349999999999984,0,5.732474999999996,-8.339700225255442,3.9152639999999863,1.716,19.23
60,0.091386,0.264118,0.425855,0.739995,1.726417,6.978587,16.230996,20.452741,25.772577,28.930839,31.008655,1.0,1.58,8.1,51.32,150.0,2.65,1.527900840000001e-05,17.616999999999997,0.0,0.0,1.3159999999999994,76.36385223119515,0.2843651270027445,1.58,6.52,43.22,48.68,0.46091833146572403,0.6683820821922413,0.9083491167909764,1.2762660353426494,1.8828878285816661,2.2494655022136976,2.3498718502611107,2.4502781773198565,2.500481359947774,2.5306032606205404,1,1,1,-4.815904830340323,0.0,0,0.0,-5.737741493271772,14.6,2.162,5.65
61,0.266284,0.651214,1.310239,2.770142,6.988939,10.368025,14.046019,20.760592,33.089615,45.657921,55.387375,0.0,0.0,3.39,36.48,150.0,2.65,1.4970311999999999e-05,17.112999999999996,0.0,0.0,0.5300000000000001,38.93596686244761,0.621813199528255,0.0,3.39,33.089999999999996,63.52,0.38837865647112746,0.6920054502000959,1.0171569598579677,1.419066177827064,1.5903509636170434,1.7222081794417847,1.8918946613978163,2.094346642034895,2.2341710602157216,2.318065710803609,1,1,1,-4.82476914832319,0.0,0,0.0,-5.601526461265445,14.6,2.055,5.44
62,0.36127,0.7077,1.48125,3.14601,5.44087,8.14171,12.82623,18.40475,25.86135,30.655742,33.949095,0.0,0.0,0.0,33.99,150.0,2.69,4.10807932e-05,13.665599999999998,0.0,0.0,0.4440000000000002,22.53635784870042,0.7459491071431008,0.0,0.0,33.99,66.00999999999999,0.29201729652104924,0.6127964642699704,0.9399281996664786,1.1778364502443888,1.3528837300764953,1.5502671243369648,1.707098023521195,1.8548192928541154,1.928679933289195,1.9729963024558825,1,1,1,-4.3863611795086115,0.0,0,0.0,-4.9703957725507095,14.6,2.19,6.31
63,0.3367,0.51772,0.68202,0.84633,1.04165,1.6853,3.16077,7.98846,28.05688,52.580841,76.647929,0.0,0.0,0.0,62.72,150.0,2.65,5.4198644200000024e-05,11.917200000000001,0.0,0.0,0.44800000000000006,5.005346005346006,0.8197357647236007,0.0,0.0,62.72,37.28,0.18685182611330364,0.30655399399021066,0.40029661926838495,0.49047870180504227,0.6994341043964668,0.9725497782604065,1.375219948537382,1.9207962582828524,2.1935844117257006,2.3572573084771524,1,1,1,-4.266011577369791,0.0,0,0.0,-4.639715229596398,14.6,1.925,7.68
64,0.001666,0.005585,0.012001,0.017504,0.023067,0.027539,0.033061,0.040515,0.071526,0.148558,0.400946,1.0,11.57,89.02,99.43,100.0,2.65,1.4207953681180095e-05,19.020000000000003,27.67,18.56,2.7539999999999987,16.53001200480192,3.1391473979475224,11.57,77.44999999999999,10.41000000000001,0.5699999999999932,0.5253481803808593,0.8575424386757982,1.021462307582568,1.1413161185528002,1.2182731689747952,1.297640988520188,1.3859408461723635,1.6327889412897327,1.9502210468999794,2.3814108880650737,0,1,1,-4.84746846739041,9.110000000000003,0,1.0540270000000005,-5.898164828152129,3.510900000000002,1.811,15.5
65,0.251203,0.319345,0.40597,0.513658,0.630003,0.772701,0.94772,1.334796,1.975079,2.799121,3.472212,0.0,0.0,1.2,90.32,100.0,2.65,0.00010184434900000001,14.001799999999998,0.0,0.0,0.2820000000000001,3.0760022770428694,0.8490858185936393,0.0,1.2,89.11999999999999,9.680000000000007,0.10423529910556895,0.20846911999414558,0.31064923477844086,0.39931779584551075,0.48798665262054663,0.5766552240872256,0.725390074856848,0.8955596497222205,1.046996850819238,1.140581412003824,1,1,1,-3.9920630635337586,0.0,1,0.0,-4.200533661744896,14.6,1.699,12.31
66,0.277392,0.729683,1.768233,5.251258,9.437893,12.725807,17.159308,23.138112,31.200105,43.509158,54.329611,0.0,0.0,3.8,31.37,150.0,2.65,1.7819445e-05,13.814999999999998,0.0,0.0,0.5260000000000002,45.876618647978304,0.885726663281247,0.0,3.8,27.57,68.63,0.42004029642769647,0.8044455595743649,1.277169424328112,1.531781117476363,1.6615914005840402,1.7914058378104998,1.9212339871024744,2.051062123741981,2.195486746957709,2.29194266365451,1,1,1,-4.749105826516372,0.0,0,0.0,-5.589186419371765,14.6,2.105,8.36
67,0.234594,0.353168,0.509708,0.797139,1.452169,3.585901,11.274953,24.451829,41.022872,50.837397,57.819942,0.0,0.0,3.97,54.23,150.0,2.65,1.9527467200000005e-05,18.714599999999994,0.0,0.0,0.534,15.285561438058943,0.3088358474068839,0.0,3.97,50.26,45.77,0.177664445582844,0.33700454964564613,0.5312171571316061,0.7917002611101125,1.1842813949739788,1.6817978398216986,2.017994449596851,2.242709161572375,2.3358664051418625,2.391760751326213,1,1,1,-4.7093540829997504,0.0,0,0.0,-5.0646829741654384,14.6,2.115,7.73
68,0.017354,0.178062,0.283065,0.354068,0.442881,0.565658,0.740542,0.969495,2.690451,8.162952,17.611099,0.0,4.16,13.5,88.31,100.0,2.65,1.06909e-06,30.0,0.0,0.0,0.9,32.59525181514348,8.162417797759696,4.16,9.34,74.81,11.689999999999998,1.0111716539659277,1.2124865805708969,1.3096870846973547,1.4068874559380973,1.5131543405381886,1.630150101545595,1.7471459805072822,2.1904254937244847,2.6724476496415743,3.006386865335473,1,0,0,-5.970985732716291,0.0,0,0.0,-7.993329040648146,14.6,1.994,10.46
69,0.352068,1.546163,4.204009,8.051035,11.703269,16.649237,21.219039,27.04314,37.504189,48.60827,56.792161,0.0,0.0,3.77,21.76,150.0,2.65,2.5015161399999994e-05,15.863199999999996,0.0,0.0,0.5520000000000003,47.2898332140382,3.0151323859927674,0.0,3.77,17.990000000000002,78.24,0.642628723129177,1.0770370839277197,1.359225161467508,1.521680634245228,1.674767782309979,1.7800991578508996,1.8854305632940653,2.0274532254341495,2.140083611352969,2.2076618411754825,1,1,1,-4.6017966906657115,0.0,0,0.0,-5.887054136924066,14.6,2.032,5.15
70,0.002387,0.004587,0.008815,0.016939,0.03255,0.062549,0.120196,0.252038,0.395659,0.495734,4.50777,0.0,7.32,60.11,97.39,100.0,2.65,3.7910428468110817e-07,28.826800000000002,38.02459999999997,21.387199999999996,3.5,26.204021784666946,0.5204414083723673,7.32,52.79,37.28,2.6099999999999994,0.283676321125228,0.5673698976285864,0.851035349012667,1.1346985738974562,1.418367951809998,1.702037596024084,2.0236136056880802,2.219468630005041,2.3173962870801765,3.2761093299203132,1,1,0,-6.421241307098635,16.637399999999975,0,1.2178576799999983,-6.988593949349091,3.4794419999999953,1.704,15.76
71,0.216762,0.418074,0.572114,0.696669,0.848341,1.082662,1.75203,3.630136,9.396626,16.565035,24.359214,0.0,0.0,4.85,72.75,150.0,2.64,7.249719380000001e-05,20.8326,0.0,0.0,0.466,4.994703868759284,1.3947266757766952,0.0,4.85,67.9,27.25,0.28527001017145026,0.4214994258950081,0.507043336495923,0.5925873073292502,0.6985097444186148,0.9075583888498888,1.2239397463514923,1.6369887921508686,1.883209208365026,2.0506801213168777,1,1,1,-4.139678803646409,0.0,1,0.0,-4.71021882398931,14.6,1.962,9.61
72,0.253303,0.331098,0.432788,0.548656,0.671094,0.820855,1.009443,1.61499,4.977963,10.621999,13.581711,0.0,0.0,4.03,84.55,100.0,2.65,0.00012187212560000007,6.651199999999999,0.0,0.0,0.38000000000000006,3.2406051250873458,0.9008316568819026,0.0,4.03,80.52,15.450000000000003,0.11631622400300101,0.23263487709707248,0.3356597995275615,0.4231430225715611,0.5106261145115303,0.6004414673613825,0.8045295041310245,1.2934113308804371,1.6225659227989446,1.7293141516460966,1,1,1,-3.914095614171601,0.0,1,0.0,-4.146728062177603,14.6,1.893,11.38
73,0.290952,0.464019,0.698841,1.043022,1.582774,2.488277,4.103344,7.144336,16.315509,22.846443,27.960787,0.0,0.54,2.76,55.61,100.0,2.65,2.4209310799999992e-05,19.981399999999997,0.0,0.0,0.5,8.552190739365944,0.6745850012931867,0.54,2.2199999999999998,52.85,44.39,0.20271441692712056,0.38055702961931714,0.5544721220299268,0.7355975606859112,0.9320773783712486,1.149316580290244,1.390140524470525,1.7487792802811188,1.8949972467782994,1.9827280442679358,1,1,0,-4.616017574045149,0.0,0,0.0,-5.02144640789939,14.6,1.942,4.04
74,0.015205,0.079639,0.177986,0.281037,0.38333,0.531897,0.817221,1.513113,3.620507,6.226565,9.717435,1.0,3.55,18.17,83.57,100.0,2.65,9.842377848142414e-07,22.1316,24.522599999999997,15.176000000000002,1.3980000000000001,34.981716540611636,3.91703742178471,3.55,14.620000000000001,65.39999999999999,16.430000000000007,0.7191393736204679,1.068399418492422,1.2667770763431019,1.401586384663623,1.5438411163440577,1.7303530936209088,1.9978849380730601,2.376782967015603,2.6122621016397445,2.805565219833625,1,1,1,-6.0068999664495335,9.346599999999995,0,0.3318042999999998,-7.445178713690469,6.045101999999997,2.043,9.29
75,0.15668,0.32289,0.51648,0.95233,2.04082,4.82778,8.61784,15.03043,23.34575,29.095515,33.204502,0.0,0.0,0.0,49.73,100.0,2.66,4.078811759999998e-05,18.413599999999995,0.0,0.0,0.6260000000000001,30.812994638754144,0.35265170124305895,0.0,0.0,49.73,50.27,0.3140410321194396,0.5180399458301294,0.7837739026778999,1.114791138825022,1.4887339083748863,1.7403848637804247,1.9819578424586455,2.173194267656122,2.268812485874042,2.3261834082139012,1,1,1,-4.389466337212862,0.0,0,0.0,-5.017548401451741,14.6,2.165,6.82
76,0.146816,0.308669,0.567989,1.421723,3.954183,8.113154,11.85898,17.068492,23.187443,27.025996,29.627773,1.0,1.58,5.91,42.9,150.0,2.7,2.471435399999999e-05,15.135,0.0,0.0,1.0499999999999998,55.26069365736704,0.2708424556835253,1.58,4.33,36.989999999999995,57.1,0.3227196274043701,0.5875665374478687,0.9860416017490063,1.430283377087365,1.7424163320766217,1.907273949082688,2.065421765375278,2.1984794718168468,2.2650083206019573,2.3049256209960665,1,1,1,-4.607050736928955,0.0,0,0.0,-5.252489991737695,14.6,2.176,7.87
77,0.018287,0.193294,0.303675,0.38918,0.498761,0.745312,1.310838,3.194619,7.149167,11.925683,17.737325,0.0,2.74,14.08,74.23,100.0,2.65,4.575072666666665e-06,26.6754,0.0,0.0,1.3059999999999994,40.756384316727726,6.766085815512894,2.74,11.34,60.150000000000006,25.769999999999996,1.024075908499633,1.2202665752692354,1.3280080488410515,1.435750022122965,1.6101956488146554,1.8554065578035188,2.242276605408169,2.592112977136966,2.814340796166093,2.9867456587594727,1,1,1,-5.339602003568741,0.0,0,0.0,-7.3877538205680064,14.6,2.078,9.46
78,0.009325,0.012553,0.017659,0.025677,0.036438,0.060417,0.262387,2.754019,16.881726,23.060233,27.805571,1.0,0.69,60.41,78.68,100.0,2.65,1.03e-09,30.0,37.176999999999985,20.7564,3.374000000000001,6.479034852546917,0.5535083999092811,0.69,59.72,18.27000000000001,21.319999999999993,0.12909868834409255,0.2773172660780181,0.43989544061567587,0.5919056910254819,0.81151031614352,1.449293473576083,2.4703180916517598,3.2577680066640666,3.3932148506003776,3.4744829774577446,1,0,1,-8.987162775294827,16.420599999999986,0,0.11330213999999988,-9.245360151983013,3.881389999999998,1.862,13.36
79,0.26419,0.4204,0.72079,1.56421,3.27673,5.63594,9.04282,17.22521,28.37935,36.426832,42.312899,0.0,0.0,0.0,43.32,150.0,2.65,4.3636213399999976e-05,13.734999999999996,0.0,0.0,0.47400000000000014,21.332904349142662,0.34892715519888035,0.0,0.0,43.32,56.68,0.20174633248425028,0.43589237788408947,0.7723786831350348,1.093524282457621,1.3290499861076608,1.5343875112954852,1.8142481504122232,2.031086069292277,2.139505027916907,2.2045564064643557,1,1,1,-4.360152943024922,0.0,0,0.0,-4.763645607993423,14.6,2.098,5.52
80,0.175519,0.27461,0.337548,0.414911,0.51312,0.672043,0.880187,1.471892,3.904598,7.380732,17.374004,0.0,0.0,3.19,84.18,100.0,2.65,0.00015537104,3.75,0.0,0.0,0.5179999999999999,3.828890319566542,0.9659393988172419,0.0,3.19,80.99000000000001,15.819999999999993,0.19439221225066294,0.28401140320837337,0.3736308129777183,0.4658948066912354,0.5830729259482985,0.700250814030277,0.9235518089420557,1.3472521915983622,1.6237753001569912,1.9955757812710446,1,0,1,-3.8086299272356716,0.0,1,0.0,-4.197414351736997,14.6,1.883,10.82
81,0.198509,0.408001,0.772058,1.586999,3.01223,5.309284,8.910889,13.716561,20.984862,25.911778,29.407077,1.0,0.25,4.4,43.04,150.0,2.65,3.140723839999998e-05,15.494399999999999,0.0,0.0,0.6240000000000001,26.745810013651774,0.565566525108012,0.25,4.15,38.64,56.96,0.3128810259493934,0.5898697258655845,0.9027964515108018,1.1811079279333425,1.427255755311319,1.6521408322523001,1.8394650376314665,2.0241259159765272,2.115717012599532,2.170671657131493,1,1,1,-4.5029702489045285,0.0,0,0.0,-5.128732300803315,14.6,2.091,8.87
82,0.087837,0.225932,0.387254,0.64021,1.119592,3.014117,9.162283,17.754688,23.648946,27.293622,29.744783,1.0,1.15,7.08,56.42,150.0,2.64,1.9335850200000006e-05,17.7168,0.0,0.0,1.1679999999999997,34.31489008049,0.5664404039585093,1.15,5.93,49.34,43.58,0.41030025241785384,0.644318417951129,0.8626449590955856,1.105382292180395,1.535482612070837,2.0183262075263686,2.305635550533465,2.4301342952248084,2.492383678150931,2.52973331053098,1,1,1,-4.713636727182812,0.0,0,0.0,-5.534237232018519,14.6,2.106,6.87
83,0.200947,0.944845,2.03319,3.253902,5.057272,7.682074,12.01166,17.754688,23.648946,27.293622,29.744783,0.0,0.0,6.14,29.65,150.0,2.68,3.4885474199999975e-05,15.432399999999998,0.0,0.0,0.78,38.22935400876848,2.677909628872494,0.0,6.14,23.509999999999998,70.35,0.6722790423206522,1.0050964381512228,1.2093229419931728,1.40083478546826,1.5823969594682163,1.7765215037757418,1.9462315180647534,2.0707302627560966,2.1329796456822194,2.170329278062268,1,1,1,-4.457355369258046,0.0,0,0.0,-5.801913453899351,14.6,2.172,7.94
84,0.007719,0.030937,0.06808,0.124773,0.185739,0.276837,0.414913,0.793474,5.028939,9.820351,13.162028,1.0,1.25,28.72,85.61,100.0,2.65,1.8631199208486903e-07,28.2948,29.24940000000001,16.762400000000003,2.003999999999999,35.86436066848037,2.1689718669231706,1.25,27.47,56.89,14.39,0.6029171563901983,0.9454585061465224,1.2085595763104142,1.381342062090711,1.5546630933444412,1.730396001370202,2.0119716597367545,2.8139153268197576,3.1045659697325925,3.231761769423389,1,1,1,-6.729759190575199,12.487000000000005,0,0.15608750000000007,-7.935593503355595,5.734938,2.043,7.71
85,0.2273,0.351422,0.50429,0.631426,0.790613,0.989934,1.537014,2.694564,6.458702,12.34216,20.772387,0.0,0.0,4.13,75.85,100.0,2.65,0.00017035324,30.0,0.0,0.0,0.4,4.355186977562693,1.1301993055230777,0.0,4.13,71.72,24.150000000000006,0.1892295103344963,0.3460809205208596,0.443723024986201,0.5413645154176343,0.6390068049419771,0.8300783875945896,1.0738890674851413,1.4535458112363195,1.7347917364511685,1.9608869693976847,1,0,0,-3.7686496020389266,0.0,1,0.0,-4.147108622707919,14.6,1.918,5.36
86,0.023378,0.264226,0.347503,0.457028,0.609507,0.818404,1.134965,1.68579,3.337162,5.342806,7.143307,1.0,0.0,12.37,84.32,100.0,2.78,9.56664e-06,1.65,0.0,0.0,0.6,35.00744289502952,6.311637077895042,0.0,12.37,71.94999999999999,15.680000000000007,1.053168195926548,1.17215120391753,1.291135453809717,1.4161713434239869,1.5441603890530446,1.6861751146844972,1.8579961190035832,2.154569935365693,2.35896205071864,2.4850919610296596,1,0,0,-5.01924056856431,0.0,0,0.0,-7.125576960417407,14.6,2.075,8.66
87,0.167353,0.329302,0.498962,2.401105,6.047062,10.602653,16.569185,23.264366,33.685685,46.067322,55.5855,0.0,0.0,5.73,38.46,150.0,2.68,1.7308143200000005e-05,17.590799999999994,0.0,0.0,0.8199999999999997,63.35502201932442,0.14030944070709156,0.0,5.73,32.730000000000004,61.54,0.2939608663821236,0.4744339698337473,1.156777650107178,1.5579109194076377,1.8017810461939714,1.9956676449960242,2.1430577196420786,2.3038118811727237,2.439759464438913,2.521328014554638,1,1,1,-4.761749520296023,0.0,0,0.0,-5.34967125306027,14.6,2.19,7.59
88,0.456115,0.906416,2.073294,3.8562,5.662079,8.255882,13.502414,18.910285,24.406433,27.727291,29.932935,0.0,0.0,0.66,29.42,150.0,2.65,4.5117937800000045e-05,13.681599999999998,0.0,0.0,0.34600000000000014,18.10043958212293,1.1415211167756738,0.0,0.66,28.76,70.58,0.29825320818616874,0.6575865359892901,0.9270851954174786,1.0939015696764893,1.2576891221494133,1.4713370649633992,1.617623719341009,1.7284299570431232,1.7838330855190847,1.8170749477240942,1,1,1,-4.345650758815225,0.0,0,0.0,-4.942157175187562,14.6,2.097,6.3
89,0.263679,0.326021,0.403104,0.498411,0.60061,0.723482,0.871491,1.101125,1.592683,1.915472,2.842037,0.0,0.0,1.48,96.17,100.0,2.65,6.764559560000003e-05,21.2162,0.0,0.0,0.3,2.743798330545853,0.8517868712163769,0.0,1.48,94.69,3.8299999999999983,0.09217003222920023,0.18434156471489105,0.27651207573380787,0.35751701585050233,0.4383521875195029,0.5191873634914045,0.620761080031655,0.7810538015449942,0.8612002649699637,1.0325541846721944,1,1,0,-4.169760475029197,0.0,1,0.0,-4.354100539487598,14.6,1.711,7.44
90,0.188557,0.360989,0.705802,3.11939,7.945754,12.072533,17.546311,23.388453,31.17577,43.40298,54.27654,0.0,0.0,5.84,36.55,150.0,2.65,2.05754332e-05,19.046799999999998,0.0,0.0,0.8,64.02590728533016,0.21883899331935674,0.0,5.84,30.709999999999997,63.45,0.2820513085420338,0.5732402248546743,1.2186270157656205,1.6246924553879045,1.8063557413961577,1.9687431629413332,2.0935588370811313,2.2183745289662298,2.362076888896822,2.4591694948203306,1,1,0,-4.686651012281476,0.0,0,0.0,-5.250753629365543,14.6,2.153,7.18
91,0.093021,0.253668,0.465442,0.888675,3.029451,12.057554,19.232517,24.931753,33.528961,45.960032,55.533681,0.0,0.0,6.36,47.46,150.0,2.7,1.5328891666666667e-05,19.579199999999997,0.0,0.0,1.1739999999999993,129.6218488298341,0.19314831357142226,0.0,6.36,41.1,52.54,0.4356846808222232,0.6992845660869027,0.9801619588884919,1.5127829283930099,2.1126782116154246,2.3154551210118965,2.428171811686788,2.556839091681418,2.693799318417491,2.775975457265533,1,1,1,-4.814489245044631,0.0,0,0.0,-5.685858606689077,14.6,2.152,7.18
92,0.301481,0.423753,0.557444,0.688796,0.851099,1.060889,1.359964,1.743351,2.49582,3.197428,3.709825,0.0,0.0,0.83,85.53,100.0,2.65,0.0002445330872,12.8502,0.0,0.0,0.3280000000000002,3.518924907373931,0.9715666462977512,0.0,0.83,84.7,14.469999999999999,0.14785283871249005,0.2669412981910172,0.3588306692639923,0.45072013310192127,0.5464099992418132,0.654267465048694,0.7621248880585355,0.917953313428467,1.0255408266357287,1.0900934764041468,1,1,1,-3.611662369194021,0.0,1,0.0,-3.907368046619001,14.6,1.778,11.28
93,0.001416,0.007535,0.01505,0.022201,0.02867,0.037708,0.056253,0.117149,0.305441,0.629961,1.777229,1.0,11.81,71.68,98.23,100.0,2.65,2.09e-09,30.0,26.29,18.13,1.949999999999999,26.629943502824858,4.242054541618946,11.81,59.870000000000005,26.549999999999997,1.769999999999996,0.7260200032969006,1.026473246576112,1.195309283470798,1.3063644395927343,1.4253702450556354,1.5990824351843769,1.917675332397537,2.3338640795586327,2.648250410371147,3.098680137889188,0,0,1,-8.679853713888946,8.16,0,0.9636960000000001,-10.131893720482747,3.5683000000000007,1.881,12.66
94,0.100958,0.146559,0.17597,0.211284,0.255888,0.342316,0.457935,0.712325,1.663157,5.180229,11.313708,1.0,2.81,7.13,91.2,100.0,2.65,5.124195222602337e-05,15.3606,0.0,0.0,1.2099999999999995,3.390677311357198,0.8960027257224912,2.81,4.32,84.07000000000001,8.799999999999997,0.1618717545429662,0.24129789551890168,0.32072587176399514,0.4039091813836856,0.5302864602100124,0.6566630994331327,0.8485374482417406,1.21679250950921,1.7102082203090774,2.049464227152754,1,1,1,-4.290374332775154,0.0,1,0.0,-4.614117841861086,14.6,1.845,11.82
95,0.20055,0.43813,0.88582,1.92925,3.64151,6.78749,11.39627,16.85563,24.42781,29.407243,32.869732,0.0,0.0,0.0,40.57,150.0,2.68,4.453259900000002e-05,14.683799999999996,0.0,0.0,0.5100000000000001,33.84437796060833,0.5764466159782061,0.0,0.0,40.57,59.43,0.3393803252498875,0.6451228152210298,0.9831658426043257,1.2590588405962282,1.5294865364342258,1.7545400636601851,1.924522323135609,2.0856618670680396,2.1662316439421385,2.2145734968027284,1,1,1,-4.351321957947141,0.0,0,0.0,-5.030082608446916,14.6,2.143,8.21
96,0.562787,0.78461,1.10438,1.595203,2.464427,4.140859,5.722183,7.907387,18.074032,26.149554,36.07517,0.0,2.55,3.24,46.15,150.0,2.65,4.744140800000002e-05,13.658799999999996,0.0,0.0,1.0299999999999996,7.357773011814416,0.5233624581301747,2.55,0.6900000000000004,42.91,53.85,0.14430978202347847,0.2927744761228719,0.45247190075017485,0.6413719012625236,0.8667463856645783,1.0072176858080115,1.147688937405989,1.5067109898929008,1.6671202290835474,1.8068643293630242,1,1,1,-4.3238424301506155,0.0,0,0.0,-4.612461994197573,14.6,2.098,6.93
97,0.314356,0.594604,0.942715,1.498249,2.373026,3.735181,5.806553,9.295417,16.341372,25.858577,38.766023,0.0,0.0,0.9,46.23,150.0,2.66,2.534420919999998e-05,16.1864,0.0,0.0,0.4540000000000001,11.882009568769165,0.75688069638246,0.0,0.9,45.33,53.77,0.2768060724619406,0.4769586634205548,0.6781622425125768,0.877880742592017,1.074889897784985,1.2664966404790163,1.4708471233621538,1.7158667625299846,1.9151828679464695,2.091029495104118,1,1,1,-4.59612125525669,0.0,0,0.0,-5.149733400180571,14.6,2.113,8.5
98,0.366125,0.573365,0.77885,1.075422,1.596628,2.258168,2.994852,3.971865,6.163716,7.693809,11.428492,0.0,0.0,1.02,55.7,100.0,2.65,1.7045e-06,30.0,0.0,0.0,0.47600000000000015,6.16775145100717,0.7337059060093031,0.0,1.02,54.68,44.3,0.19480179403104014,0.32782443954902707,0.46794953194174926,0.6395743565167451,0.7901268641299628,0.9127459805426917,1.035365094118726,1.2262132352213726,1.3225120159871904,1.4943595439308939,1,0,1,-5.76840299443509,0.0,0,0.0,-6.15800658249717,14.6,1.976,7.18
99,0.009204,0.054815,0.167201,0.272032,0.378355,0.529781,0.769488,1.270069,3.672513,8.474302,15.376907,0.0,1.42,20.78,85.66,100.0,2.63,5.244984449019608e-07,30.0,24.932,13.818800000000003,1.6799999999999997,57.55986527596696,5.733301123891212,1.42,19.36,64.88,14.340000000000003,0.7749228084479733,1.2592622605536596,1.4706433845007898,1.6139228675908743,1.7601197687605266,1.9222252414945837,2.139850705845363,2.600986731788567,2.9641273269632054,3.222892377749671,1,1,1,-6.280255795118657,11.113199999999996,0,0.15780743999999994,-7.830101412014603,7.512839999999997,2.062,9.47
100,0.31534,0.47774,0.64594,0.81507,0.9842,1.62321,3.06082,7.87718,19.74483,31.260413,41.183144,0.0,0.0,0.0,63.29,100.0,2.65,5.001387540000003e-05,12.9948,0.0,0.0,0.45000000000000007,5.14749159637217,0.8151369601892102,0.0,0.0,63.29,36.71,0.18041254193230033,0.31141311588635784,0.41241584521811925,0.49430429741146825,0.7115956462755622,0.9870587271714768,1.3975917062799141,1.7966743355922619,1.9962156481584485,2.115940435132629,1,1,1,-4.3009094921904625,0.0,0,0.0,-4.661734576055063,14.6,1.884,9.52
101,0.153012,0.320829,0.530221,0.734601,1.01788,1.413286,1.962289,2.740452,3.828572,6.250532,10.016623,0.0,0.0,5.76,70.58,100.0,2.65,7.717159540000001e-05,27.2506,0.0,0.0,0.9319999999999999,9.236438972106763,1.3000447453967336,0.0,5.76,64.82,29.42,0.32154812583146475,0.5397314326657021,0.6813260234132615,0.8229710893404314,0.9655045650672847,1.1080374775404391,1.2530967078569717,1.398311327040401,1.6111914911229444,1.8159958365569733,1,1,1,-4.112542521309534,0.0,0,0.0,-4.755638772972463,14.6,1.952,9.56
102,0.126783,0.296343,0.496908,0.909809,2.836574,9.697026,17.245323,21.829013,27.631016,31.086959,46.107212,1.0,2.42,4.34,47.57,150.0,2.65,2.0034645800000002e-05,15.038599999999997,0.0,0.0,1.371999999999999,76.4852227822342,0.20084100847113964,2.42,1.92,43.230000000000004,52.43,0.3687336490647276,0.5932149647104027,0.8558892045957065,1.3497330937985474,1.8835775360156903,2.1336103089504963,2.2359730754632983,2.338335830295407,2.3895172163642204,2.5607078381558916,1,1,1,-4.698218331218068,0.0,0,0.0,-5.435685629347523,14.6,2.099,5.96
103,0.006522,0.036498,0.230004,0.341481,0.480865,0.687781,0.985708,1.56204,2.568829,3.356397,3.940545,1.0,2.82,21.61,85.32,100.0,2.67,4.6062e-07,2.37,25.519799999999996,13.643799999999997,1.9,105.45553511192885,11.793421187091965,2.82,18.79,63.709999999999994,14.680000000000007,0.7478882723766287,1.547354594429489,1.7189857500784733,1.8676423734126981,2.0230693797652126,2.179367486830143,2.379311356426561,2.5953544009493315,2.7114925297702044,2.7811754969302696,1,0,0,-6.336657209009508,11.876,0,0.33490319999999996,-7.832433753762766,7.846546000000002,2.0,11.68
104,0.001958,0.006067,0.027179,0.059501,0.094682,0.145979,0.214734,0.339322,0.65589,1.532323,4.555155,1.0,10.24,41.23,95.88,100.0,2.68,2.45524836152011e-07,29.92,30.959600000000005,16.53839999999999,2.8899999999999992,74.55515832482124,2.5844246553408503,10.24,30.989999999999995,54.65,4.1200000000000045,0.4911613074769292,1.142420786177652,1.4827115772670174,1.6844547356364619,1.8724776968098762,2.0400881266166917,2.2387993306479723,2.525018322032376,2.8935376328764857,3.3666904719976376,1,1,1,-6.609904570106346,14.421200000000017,0,1.4767308800000019,-7.592227185060205,6.420692000000013,2.06,10.16
105,0.07329,0.236969,0.394425,0.662231,1.304559,4.654899,14.802655,20.415482,26.599767,30.362458,42.920062,1.0,1.29,9.13,54.05,150.0,2.69,1.0440751266666668e-05,17.559799999999996,0.0,0.0,1.3079999999999992,63.513426115431855,0.45600949376398603,1.29,7.840000000000001,44.919999999999995,45.95,0.5096468141502715,0.7309197125120582,0.9559647851575921,1.250419003594426,1.802865540591279,2.3052948956233275,2.444914916176946,2.5598331107628747,2.6172922053664984,2.767615618959585,1,1,1,-4.981268250449749,0.0,0,0.0,-6.0005618787502915,14.6,2.209,5.72
106,0.001429,0.005353,0.011094,0.017643,0.024897,0.034112,0.050628,0.123788,0.899238,3.237273,9.952566,1.0,12.08,73.07,93.27,100.0,2.65,1e-10,30.0,30.70220000000001,18.018599999999996,3.0860000000000007,23.87123862841148,2.524857727953659,12.08,60.989999999999995,20.200000000000003,6.730000000000004,0.5735650145924618,0.8900559327518467,1.09154020533073,1.2411147905160527,1.3778749542194895,1.549358542638536,1.9376463174571232,2.798842422238299,3.3551470963126295,3.8429028374793095,1,0,1,-10.0,12.683600000000013,0,1.5321788800000016,-11.147130029184924,4.870994000000007,1.853,14.1
107,0.000785,0.007976,0.038333,0.092346,0.157101,0.227683,0.341205,0.531464,1.370595,4.57036,10.480317,1.0,13.56,35.15,91.93,100.0,2.66,5.4e-10,30.0,30.92,13.86,1.8,290.0420382165605,8.221392006334879,13.56,21.589999999999996,56.78000000000001,8.069999999999993,1.0069154885583464,1.6887031523985212,2.070548431817685,2.30130929273202,2.4624609483898183,2.638145729925201,2.8306041951227923,3.24203948641074,3.7650807533586805,4.125504762283052,0,0,0,-9.267606240177031,17.060000000000002,0,2.3133360000000005,-11.281437217293725,9.0884,1.99,9.25
108,0.225386,0.330736,0.450744,0.592188,0.763782,0.985099,1.541148,2.733165,6.894079,18.692243,25.5653,0.0,0.0,3.31,75.67,100.0,2.65,1.47777e-05,20.03,0.0,0.0,0.44799999999999984,4.370719565545331,0.9150674231508477,0.0,3.31,72.36,24.33,0.16655453357547462,0.3010030183380164,0.4195326666108788,0.5300424831087149,0.6405529421466415,0.8349174109629536,1.083738914596092,1.4855493196682925,1.9187344821769932,2.0547239573290024,1,0,1,-4.830393154238685,0.0,1,0.0,-5.163502221389634,14.6,1.926,10.95
109,0.18513,0.333519,0.488319,0.666416,0.905248,1.46421,2.811282,6.405632,15.077451,25.833449,40.978201,0.0,0.0,5.02,65.52,100.0,2.65,8.480944e-05,3.75,0.0,0.0,0.54,7.90909090909091,0.8796847747222808,0.0,5.02,60.5,34.480000000000004,0.2556437788280007,0.42122682143928925,0.5562686143779685,0.6892907728521854,0.8981265674603935,1.1814276107847221,1.5390851839336779,1.9108511246035897,2.144705591166765,2.345076087218031,1,0,1,-4.0715558044445475,0.0,0,0.0,-4.582843362100549,14.6,2.046,8.58
110,0.119448,0.238083,0.375454,0.626292,1.394146,3.545108,7.117566,12.404114,20.283188,25.479463,29.216132,1.0,0.18,4.79,53.03,150.0,2.65,2.3907987799999986e-05,17.178999999999995,0.0,0.0,0.8280000000000001,29.67909048288795,0.33289334904823176,0.18,4.61,48.24,46.97,0.29954950383638645,0.49737785310579513,0.7195979817795359,1.067129374573318,1.4724505878362595,1.7751526205221846,2.016386866511097,2.229957333590094,2.329011388201625,2.3884438355680073,1,1,1,-4.621456974454302,0.0,0,0.0,-5.220555982127076,14.6,2.086,6.88
111,0.012098,0.024608,0.050053,0.101811,0.169066,0.258452,0.39369,0.711746,2.619942,6.72416,12.708864,0.0,0.0,33.24,88.66,100.0,2.65,6.079591841969005e-08,29.965,32.84219999999999,18.388399999999994,2.261999999999999,21.363200529013064,0.8012476115249009,0.0,33.24,55.419999999999995,11.340000000000003,0.30836273795000513,0.6167165325011448,0.9250811229887126,1.1453426974616323,1.3296663170814709,1.5124408033768975,1.7696114549271704,2.335578096889343,2.7449244586666524,3.0213931520836548,1,1,1,-7.216125576439558,14.453799999999998,0,0.0,-7.832851052339569,5.078994000000003,2.013,10.37
112,0.323772,0.55615,0.778871,1.300309,2.825043,4.72706,7.042005,15.151715,29.396969,42.722169,53.934375,0.0,0.0,2.22,44.23,150.0,2.65,1.68240926e-05,15.839999999999993,0.0,0.0,0.4860000000000001,14.599965407756075,0.3963698980824624,0.0,2.22,42.01,55.77,0.2349526535680052,0.3812262458993745,0.6038072805084469,0.9407857746155763,1.1643518267955022,1.3374570411045892,1.6702225047749195,1.958063266421356,2.1204140056754803,2.2216263624356056,1,1,1,-4.774068349953312,0.0,0,0.0,-5.243973657089323,14.6,2.101,6.9
113,0.25128,0.316911,0.399684,0.504265,0.642779,0.81934,1.096637,1.836018,3.843373,6.803191,10.921021,0.0,0.0,2.84,81.66,100.0,2.65,0.00014284867660000006,7.126,0.0,0.0,0.36200000000000015,3.260665393186883,0.7759101717414176,0.0,2.84,78.82,18.340000000000003,0.1007793904492395,0.2015588397038004,0.30250090232497007,0.407903756254842,0.5133062341483395,0.6399049712891942,0.8637190112429423,1.1845546114722423,1.432554740585203,1.638105318818754,1,1,1,-3.8451237787182673,0.0,1,0.0,-4.046682559616746,14.6,1.882,9.85
114,0.284255,0.369418,0.480097,0.585137,0.704808,0.848954,1.03855,1.423382,1.950812,2.745582,3.44104,0.0,0.0,0.44,90.79,100.0,2.65,0.00020323086,30.0,0.0,0.0,0.3,2.986593023869413,0.9551370963275566,0.0,0.44,90.35000000000001,9.209999999999994,0.11380994014786339,0.2276208795880892,0.3135494481483284,0.3943627123413501,0.4751760463303689,0.5627192974709366,0.6996133568672442,0.8365073057992896,0.9849263063514955,1.0829816084623898,1,0,0,-3.6920103450588453,0.0,1,0.0,-3.919630225354572,14.6,1.75,8.91
115,0.000882,0.002116,0.005213,0.010924,0.022359,0.044172,0.094693,0.231018,0.41398,0.632175,0.99251,1.0,19.36,64.57,98.98,100.0,2.65,4e-11,30.0,39.62,20.5,3.6,50.08163265306123,0.6975250376645571,19.36,45.209999999999994,34.41000000000001,1.019999999999996,0.38004707823132833,0.7716191397951992,1.092913106335876,1.4039837908180932,1.6996784783624717,2.0308492906641047,2.4181772345703676,2.671510775072536,2.8553687320966263,3.051266306044331,0,0,0,-10.397940008672037,19.119999999999997,0,3.7016319999999996,-11.158034165134694,4.7974,1.759,16.02
116,0.000144,0.000584,0.002357,0.006743,0.020873,0.129515,0.244053,0.373227,0.645849,0.9923,2.254206,1.0,28.82,55.27,97.71,100.0,2.65,8.061296217007281e-08,28.295,50.25,25.7,4.2,899.4097222222222,0.2978767474380917,28.82,26.450000000000003,42.43999999999999,2.2900000000000063,0.6080503550171499,1.213997090429074,1.6704906675813902,2.161222381014856,2.9539575777890077,3.2291216584567572,3.4136105618614785,3.6517684993792177,3.8382804992602226,4.194631109311065,0,1,0,-7.093595120151213,24.55,0,7.075310000000001,-8.309695830185513,2.467500000000001,1.77,15.8
117,0.016744,0.2108,0.366039,0.596887,1.02398,2.87503,8.173909,16.958904,23.112886,26.982511,29.608696,1.0,4.76,11.87,56.78,150.0,2.67,9.426891166666663e-06,19.4366,0.0,0.0,1.51,171.70508838987104,2.7832558099657563,4.76,7.109999999999999,44.910000000000004,43.22,1.100011391209879,1.3396681448792216,1.552032904874922,1.786432258912246,2.2347831654398824,2.68857058307824,3.005538566426587,3.139994961893178,3.2072231474515394,3.2475600656664065,1,1,1,-5.025631506813661,0.0,0,0.0,-7.225654289233419,14.6,2.079,8.33
118,0.29094,0.40633,0.552169,0.717458,0.932227,1.344501,2.01684,3.213487,5.165199,6.573998,7.597577,0.0,0.0,1.29,69.82,100.0,2.65,1.23814e-06,30.0,0.0,0.0,0.3,4.621231181686946,0.7794342350652114,0.0,1.29,68.52999999999999,30.180000000000007,0.145075453673848,0.2782685862270084,0.39199304804675716,0.5057182427084276,0.6647576950756381,0.8408680116197411,1.0431731128343258,1.2492836237740965,1.354026133121537,1.416871675767212,1,0,0,-5.907230245631044,0.0,1,0.0,-6.19738115297874,14.6,1.873,8.39
119,0.000167,0.000405,0.000984,0.002392,0.005385,0.012536,0.04421,0.144036,0.463093,0.988806,3.781396,1.0,37.98,72.97,96.98,100.0,2.65,6.644943464868467e-08,26.125,44.1086,23.399800000000017,4.328000000000001,75.06586826347306,0.4625032003637907,37.98,34.99,24.010000000000005,3.019999999999996,0.3847385520670854,0.7702786272837581,1.15604470416879,1.508469236486417,1.8754425123129503,2.4228040437582905,2.935754580998701,3.442951745207248,3.772394621871212,4.354935689317131,1,1,1,-7.177508709679881,20.708799999999986,0,7.865202239999994,-7.9469858138140514,3.109521999999984,1.609,20.71
120,0.000685,0.004373,0.0213,0.066305,0.128558,0.191957,0.290674,0.452262,1.117287,3.781683,9.717435,1.0,15.01,39.25,92.73,100.0,2.65,7.659648954907065e-08,29.91,29.04,12.59,3.0,280.22919708029195,3.4503621534156697,15.01,24.240000000000002,53.480000000000004,7.269999999999996,0.8050889058524318,1.4926890319463122,1.9858557079007801,2.2734085359178087,2.447513382449628,2.6277156155531367,2.8196995274548877,3.212474174144522,3.741994549758859,4.151861072821351,0,1,0,-7.1157911338191315,16.45,0,2.4691449999999997,-8.725968945523995,9.8508,2.044,9.3
121,0.266439,0.450993,0.895648,2.882931,6.320931,9.749157,13.197103,18.188907,25.869725,30.852078,44.785117,0.0,0.0,4.15,36.36,150.0,2.65,2.3065740999999987e-05,15.238999999999994,0.0,0.0,0.6140000000000002,36.59057795592988,0.3088231593415004,0.0,4.15,32.21,63.64,0.228572006121105,0.5265395654582659,1.03423645312713,1.3751832545538325,1.5633692693141232,1.6948808112746965,1.834208807417826,1.9871940171178029,2.063686625680071,2.22553591814349,1,1,1,-4.637032588875275,0.0,0,0.0,-5.094176601117486,14.6,2.178,6.5
122,0.760737,4.33892,8.338219,10.716752,13.773777,17.097726,20.158025,23.766082,28.019941,30.4244,31.963275,0.0,0.0,3.29,13.84,150.0,2.65,3.279601279999999e-05,14.233599999999997,0.0,0.0,0.4980000000000003,22.475212852799327,5.34531991249693,0.0,3.29,10.55,86.16,0.7561471032130218,1.0398387579424746,1.1488286411034665,1.2578185078290025,1.3517038134356767,1.4232134399097593,1.4947230516655718,1.5662326769123278,1.6019874826901173,1.6234167317473944,1,1,1,-4.484178952758303,0.0,0,0.0,-5.996473159184347,14.6,1.886,6.39
123,0.009459,0.02218,0.052007,0.121949,0.193133,0.297302,0.447395,0.862249,3.618089,8.527607,14.981904,0.0,0.0,32.25,86.81,100.0,2.65,1.44e-09,30.0,32.6158,18.161199999999994,2.2159999999999993,31.430595200338303,0.961790645123721,0.0,32.25,54.56,13.189999999999998,0.3701163163455743,0.7402165769513125,1.110333017917217,1.3100112611208714,1.4973526053184076,1.674845900729022,1.9597874738957424,2.5826340202329803,2.9549819519484877,3.199721784434436,1,0,1,-8.84163750790475,14.454600000000006,0,0.0,-9.581870140595898,5.245066000000007,2.004,10.77
124,0.260098,0.376581,0.530757,0.685001,0.884069,1.263344,1.985583,4.806669,20.190874,30.965743,47.19393,0.0,0.0,1.89,70.16,100.0,2.65,1.30196e-05,15.05,0.0,0.0,0.3880000000000002,4.857184599650901,0.857300005433777,0.0,1.89,68.27,29.840000000000003,0.16072139161945515,0.30975871791900805,0.4205541927578551,0.5313491495007168,0.6863846093586172,0.8827510331234127,1.26670720374561,1.8900181058642957,2.0757444923034307,2.258749131295397,1,0,1,-4.885402358353179,0.0,1,0.0,-5.2068451415920896,14.6,1.926,10.95
125,0.14817,0.28004,0.36976,0.45949,0.61956,0.83755,1.22034,2.23041,5.24385,8.0405,10.391128,0.0,0.0,0.0,78.19,100.0,2.65,8.97027098e-05,20.5766,0.0,0.0,0.5139999999999999,5.652628737261254,1.101713909114112,0.0,0.0,78.19,21.810000000000002,0.27645978809869753,0.3971596472538234,0.4915157832803601,0.6213230902136369,0.7522504620825023,0.9157205658198311,1.1776244226919608,1.5488899793481252,1.7345227753907655,1.8459024137005238,1,1,1,-4.047194437296919,0.0,0,0.0,-4.600114013494314,14.6,1.89,10.64
126,0.001367,0.005334,0.019854,0.061542,0.120086,0.195791,0.323525,0.563458,1.270337,5.580491,16.793205,1.0,12.64,40.35,92.94,100.0,2.65,7.665128326080095e-08,29.915,32.53759999999999,17.200199999999988,3.0639999999999996,143.2267739575713,1.4727695485359173,12.64,27.71,52.589999999999996,7.060000000000002,0.5912844967860349,1.1620795029756745,1.6534030913320785,1.9437238643825219,2.1560242099770752,2.374139331310288,2.6150930348328676,2.9681504330224433,3.6109038974897265,4.089365075017634,1,1,1,-7.115480569988738,15.337400000000002,0,1.9386473600000005,-8.298049563560808,6.18495200000001,2.045,10.37
127,0.078642,0.2412,0.440961,0.753992,1.408942,3.776627,9.243591,16.961,23.625462,27.883336,30.798062,1.0,1.18,8.55,54.69,150.0,2.67,1.1778954000000006e-05,17.5064,0.0,0.0,1.2879999999999994,48.02302840721243,0.6546990610195258,1.18,7.370000000000001,46.14,45.31,0.4867227536552392,0.7487456309615972,0.9817121881334421,1.2532385656538945,1.6814495438732475,2.0701861712463883,2.3337969043388886,2.477725760155254,2.5496901823003135,2.5928688391165755,1,1,1,-4.9288932742516085,0.0,0,0.0,-5.9023387815620865,14.6,2.077,7.19
128,0.294585,0.428479,0.571862,0.718584,0.90295,1.11278,1.349993,1.637775,1.986903,2.798022,3.473181,0.0,0.0,0.13,90.34,100.0,2.65,0.00026025337220000004,15.7002,0.0,0.0,0.28400000000000003,3.777449632533904,0.9976140040846182,0.0,0.13,90.21000000000001,9.659999999999997,0.1627189125707329,0.28808060962174686,0.3872669137801399,0.4864530731442344,0.5771986822874561,0.6611208874018744,0.7450436083013768,0.8289660363128746,0.9776404957052999,1.0715167873637808,1,1,1,-3.5846036344654046,0.0,1,0.0,-3.9100414596068704,14.6,1.656,12.3
129,0.011906,0.037299,0.116855,0.19481,0.298681,0.435769,0.743527,1.826656,7.025628,13.049136,20.893598,0.0,0.0,24.59,80.79,100.0,2.65,1.8e-10,30.0,26.420200000000005,16.121000000000002,1.6339999999999995,36.60078951789014,2.631918212699312,0.0,24.59,56.2,19.209999999999994,0.49593131015317704,0.99188142153307,1.2138453681325654,1.3994417184841252,1.5634904536885323,1.7955308656417062,2.185890889515396,2.7709192723890985,3.039815879216854,3.244247356259282,1,0,1,-9.744727494896694,10.299200000000003,0,0.0,-10.736590115203047,5.612454,1.991,10.6
130,0.002409,0.003936,0.005944,0.008153,0.026195,0.0914,0.255089,0.399167,0.76185,1.562531,8.664066,1.0,6.35,56.66,95.99,100.0,2.65,1.1e-10,30.0,39.91219999999998,21.8706,3.9,37.94105437941054,0.16046288852979299,6.35,50.309999999999995,39.33,4.010000000000005,0.21321828976096047,0.39224200075417537,0.5294806423256873,1.0363816027856216,1.579109395735488,2.024854931279804,2.2193178300360694,2.5000326718859354,2.811991842334817,3.555884951943786,1,0,0,-9.958607314841775,18.041599999999978,0,1.1456415999999985,-10.385043894363696,3.5056939999999948,1.825,14.07
131,0.309914,0.457366,0.58372,0.713525,0.872195,1.127911,1.644921,2.648255,5.226094,8.443129,13.402632,0.0,0.0,1.9,75.18,100.0,2.65,0.00010612397,7.5,0.0,0.0,0.4,3.6394322295862724,0.9747497220462512,0.0,1.9,73.28,24.819999999999993,0.16902268115342617,0.2749633783739155,0.36216799880547257,0.4493723972564143,0.5610336367285839,0.7249038496654547,0.9317186054948355,1.2269360215465226,1.4352622293529844,1.6359488977787946,1,0,0,-3.9741865118291417,0.0,1,0.0,-4.312231874135994,14.6,1.852,10.11
132,0.007233,0.020837,0.049744,0.102238,0.197134,0.362972,0.753582,2.833121,12.50955,21.088345,27.085296,1.0,3.32,33.28,77.9,100.0,2.622,3.255970385665897e-07,29.3622,32.33,19.51,3.6,50.18277339969584,0.9425183620789018,3.32,29.96,44.620000000000005,22.099999999999994,0.459516726630548,0.8374222396020006,1.1502938800456568,1.4354430690704714,1.7005546593480665,2.0178120512879767,2.5929466581385068,3.2379232222116583,3.4647240328229953,3.5734151210127107,0,1,0,-6.487319553844377,12.819999999999997,0,0.4256239999999999,-7.406353007105473,3.819099999999999,1.906,10.59
133,0.001337,0.003054,0.006087,0.012358,0.034137,0.103463,0.262519,0.672062,1.678952,2.852522,4.272329,1.0,14.83,55.75,92.07,100.0,2.65,1.0562e-07,29.75,40.79239999999999,21.658800000000006,4.123999999999999,77.38444278234854,0.26784906164012934,14.83,40.92,36.31999999999999,7.930000000000007,0.3587376254584176,0.658271894491024,0.965816783616575,1.407093944880131,1.888653659741259,2.293029333990625,2.7012779327796688,3.0989068728944584,3.329097595325816,3.5045332818387824,1,0,1,-6.976253836847524,19.13359999999998,0,2.837512879999997,-7.69372908776436,3.9551479999999906,1.909,13.88
134,0.039457,0.176683,0.281128,0.395811,0.571037,0.868292,1.499681,2.985851,7.0766,12.016308,17.954322,0.0,1.08,11.4,74.71,100.0,2.65,5.68769e-06,30.0,0.0,0.0,1.142,22.006031882809133,2.3068446267183162,1.08,10.32,63.309999999999995,25.290000000000006,0.651070702944965,0.8527800411190353,1.0013637976999505,1.160540187173884,1.3425417378388842,1.5798748274393366,1.8789440699230824,2.253700586264735,2.483646989732203,2.6580449478942176,1,0,1,-5.245064082277986,0.0,0,0.0,-6.547205488167917,14.6,2.002,8.04
135,0.00338,0.014552,0.035882,0.103034,0.220661,0.364549,0.61349,1.35601,4.710633,7.983137,12.112238,1.0,7.61,35.52,83.19,100.0,2.67,1.0701084771458246e-07,29.915,38.41,21.27,3.5,107.85473372781065,1.0449142988237339,7.61,27.910000000000004,47.669999999999995,16.810000000000002,0.6340059857777725,1.0259599415848273,1.4840638601150133,1.8148088817218526,2.0328392109754323,2.2588907877630144,2.6033461920032464,3.144162569894884,3.3732568820603497,3.5543076956523834,0,1,0,-6.970572195550364,17.139999999999997,0,1.3043539999999998,-8.238584167105909,3.7006999999999994,1.862,12.19
136,0.00268,0.00633,0.01271,0.02171,0.03768,0.05864,0.13636,0.41026,1.88462,4.0393,6.381981,1.0,6.61,60.85,90.39,100.0,2.67,4.919117342506048e-08,29.935,39.04799999999998,20.9848,4.0680000000000005,21.88059701492537,1.0279271700840953,6.61,54.24,29.54,9.61,0.37326891598856626,0.6760107565252191,0.9085250294256311,1.1479761000920508,1.3400591676042826,1.7065521985280645,2.184924381660728,2.8470890016059274,3.1781713155180684,3.3768207128786183,1,1,1,-7.308112817490468,18.06319999999998,0,1.193977519999999,-8.0546506494676,4.158159999999995,1.768,17.69
137,0.13346,0.29968,0.48363,0.85015,1.62026,3.20598,6.94788,12.55859,21.15694,27.460525,32.111636,0.0,0.0,0.72,53.09,150.0,2.704,2.0014255600000002e-05,18.767999999999997,0.0,0.0,0.6580000000000001,24.022029072381237,0.5466565247939504,0.0,0.72,52.370000000000005,46.91,0.3513066395164097,0.5591621121833981,0.8041444386406538,1.0842335900186553,1.3806096882342747,1.7165011884272805,1.9735897617531521,2.2001017339063056,2.3133577154603993,2.3813113117310687,1,1,1,-4.698660558185624,0.0,0,0.0,-5.401273837218444,14.6,2.193,7.42
138,0.008784,0.019801,0.044635,0.100615,0.171048,0.26139,0.387725,0.654472,2.095179,6.097215,11.055303,0.0,0.0,34.24,89.78,100.0,2.63,5.1e-10,30.0,32.5288,18.42019999999999,2.3319999999999994,29.757513661202186,0.8677003694379863,0.0,34.24,55.54,10.219999999999999,0.3529947966663849,0.7059832120038632,1.0589704044251196,1.2894256734025427,1.4735966416477204,1.6448314775431994,1.872198743940249,2.3775288053950527,2.8414391822782656,3.0998783229678923,1,0,1,-9.292429823902063,14.108600000000006,0,0.0,-9.998419417234834,4.962576000000009,2.019,10.27
139,0.337457,0.559582,0.828373,1.428343,2.704599,4.668001,7.351877,11.604282,18.684723,24.260437,28.375647,0.0,0.0,1.28,44.91,150.0,2.64,1.38229678e-05,15.809199999999997,0.0,0.0,0.4340000000000002,13.832876485004016,0.4356146614904288,0.0,1.28,43.629999999999995,55.09,0.21964529484357298,0.3900074937444061,0.626614069437593,0.9038844418141845,1.140912499101965,1.3381797912012794,1.536399832903735,1.74326822253348,1.8566801781814255,1.9247273314598665,1,1,1,-4.859398703648524,0.0,0,0.0,-5.29868929333567,14.6,2.071,7.04
140,0.001031,0.003894,0.010321,0.023651,0.051382,0.130793,1.368297,5.394236,13.607867,21.211939,27.144922,1.0,14.84,52.22,71.61,100.0,2.69,3.2784986401455717e-06,23.860599999999994,40.68,18.69,4.044,126.8603297769156,0.7899514298302255,14.84,37.379999999999995,19.39,28.39,0.5771372819004963,1.0004631127675463,1.3605908428051323,1.6975523395136665,2.1033258360233598,3.1229217094846744,3.718671277807703,4.120531390652539,4.31332170424723,4.420429932779714,0,1,1,-5.48432499213393,21.99,0,3.2633159999999997,-6.638599555934922,6.893599999999999,1.839,15.39
141,0.000396,0.005114,0.010285,0.015944,0.022509,0.029697,0.040855,0.09152,0.336069,0.90643,3.174802,1.0,14.06,76.73,97.1,100.0,2.68,2.6611130516663326e-07,26.6246,30.690399999999986,16.040799999999997,2.5,74.99242424242425,8.994992947286109,14.06,62.67,20.36999999999999,2.9000000000000057,1.1110655377648042,1.4145091101052307,1.604902099766919,1.7546610152443152,1.8750173930465037,2.013550028909319,2.3638208255234368,2.9287332677821105,3.3596390849576836,3.904021459296561,1,1,0,-6.5749366749894085,14.649599999999989,0,2.0597337599999985,-8.797067750519016,6.8456079999999995,1.849,15.1
142,0.034447,0.138565,0.308439,0.53624,0.758226,1.043337,1.288518,1.591315,1.965268,2.911088,3.81364,0.0,0.0,14.15,90.83,100.0,2.65,1.5689409149122808e-06,25.8746,0.0,0.0,1.1339999999999995,30.288181844572822,2.647052522969251,0.0,14.15,76.67999999999999,9.170000000000002,0.6045021410541426,0.9520178813666861,1.1922078013373323,1.3426472675017571,1.4812732040503034,1.5729390847738376,1.6646047514812654,1.7562703776451847,1.926903928984342,2.0441882890647354,1,1,1,-5.804393411295617,0.0,0,0.0,-7.013397693403903,14.6,1.962,12.42
143,0.001709,0.008423,0.022946,0.058746,0.156144,0.291754,0.499731,1.08568,3.037296,5.958928,10.063803,1.0,10.7,40.78,86.54,100.0,2.65,4.42e-09,30.0,33.158199999999994,18.158199999999994,2.9,170.71620830895262,1.0559785506352084,10.7,30.080000000000002,45.760000000000005,13.459999999999994,0.6927247379708006,1.127964926528,1.5362362382303854,1.9607832379367038,2.232274756293223,2.4659942283094995,2.8029597747666606,3.2497450554742673,3.5424260752813943,3.7700200641035972,1,0,0,-8.354577730650908,15.0,0,1.605,-9.740027206592508,5.3945140000000045,1.861,13.32
144,0.27091,0.36468,0.45846,0.58606,0.74057,0.89508,1.14587,1.60036,2.24068,2.651312,2.932983,0.0,0.0,0.0,86.62,100.0,2.65,0.0003103398283999999,8.5772,0.0,0.0,0.252,3.303975490015134,0.8667942279458146,0.0,0.0,86.62,13.379999999999995,0.12908690984794946,0.22847641378730293,0.3351170444739586,0.4367410788084366,0.5190368169199363,0.6263103130401053,0.7713926516433044,0.9175548014435486,0.9906358011876856,1.0344845094736619,1,1,1,-3.5081624843438144,0.0,1,0.0,-3.7663363040397133,14.6,1.774,10.75
145,0.16148,0.34001,0.54232,0.7775,1.02553,1.49895,1.97237,2.90865,3.87363,4.470246,4.871464,0.0,0.0,0.0,70.36,150.0,2.65,9.47348568e-05,26.3506,0.0,0.0,0.524,9.282573693336635,1.2150813487862775,0.0,0.0,70.36,29.64,0.32337294948325307,0.5261368801631092,0.6825816569605982,0.8028296286407918,0.9676684057282436,1.0868696474964359,1.2555727246773558,1.3799993948414144,1.4422126825061565,1.4795407567338015,1,1,1,-4.023490197020048,0.0,0,0.0,-4.670236095986554,14.6,1.962,10.54
146,0.01165,0.014875,0.017428,0.020785,0.027836,0.042808,0.074047,0.127925,0.287489,0.631495,1.859818,1.0,0.0,67.01,98.13,100.0,2.65,1.3841651338894207e-05,23.8116,35.646599999999985,20.400999999999993,3.128,3.67450643776824,0.6090377876502968,0.0,67.01,31.11999999999999,1.8700000000000045,0.1061310490385492,0.17492162590167837,0.25142410348019584,0.3782809024609395,0.5651990126041606,0.8031815424939959,1.040629500282117,1.3922953068611976,1.7340439909212262,2.2031445212951004,1,1,1,-4.858812094518856,15.245599999999992,1,0.0,-5.071074192595955,3.8235820000000036,1.709,18.58
147,0.30602,0.42614,0.62154,0.93707,2.20837,4.51703,7.63678,14.13766,25.81827,34.890078,41.79909,0.0,0.0,0.0,48.84,150.0,2.68,4.465852840000001e-05,13.904399999999995,0.0,0.0,0.44600000000000006,14.760571204496438,0.27947011982763204,0.0,0.0,48.84,51.16,0.14380249072706447,0.3077192726385077,0.48602222348678914,0.8583220279423134,1.1691031641374874,1.3971604688334907,1.664627722183726,1.9261773274017713,2.056952129540471,2.1354170161215364,1,1,1,-4.350095592018936,0.0,0,0.0,-4.637700573473064,14.6,2.065,4.71
148,0.02112,0.126946,0.265885,0.326944,0.402025,0.494347,0.655495,0.872999,2.471119,5.085359,7.238484,1.0,0.0,17.68,88.7,100.0,2.65,2.96998e-06,1.98,24.492199999999997,14.726000000000006,0.5,23.40658143939394,6.7711409997837055,0.0,17.68,71.02000000000001,11.299999999999997,0.7789251071786392,1.0999999232780597,1.189779457839145,1.2795591467462204,1.3693379890737982,1.4918754694554173,1.6163198323698769,2.0681997460684074,2.381627703419721,2.534953704907869,1,0,0,-5.5272464752346,9.76619999999999,0,0.0,-7.085096689591879,6.486893999999992,2.091,8.54
149,0.003016,0.009466,0.029714,0.093269,0.253585,0.555689,2.346921,10.392892,20.095301,25.159531,28.791702,0.0,6.41,36.57,69.25,100.0,2.65,3.447079353188619e-06,24.458199999999998,35.42220000000002,19.952399999999997,2.7760000000000002,184.24701591511936,0.5268161752003402,6.41,30.16,32.68,30.75,0.4967351629342387,0.993529781822212,1.490305983225351,1.9246922234871386,2.265400462706981,2.891067133806264,3.5373050770463075,3.8236631785136974,3.921271203947099,3.9798360014337337,1,1,1,-5.462548718838858,15.46980000000002,0,0.9916141800000013,-6.456019044707335,4.211594000000009,1.934,13.08
150,0.005456,0.027995,0.131334,0.234919,0.33995,0.479606,0.708369,1.132927,3.79231,11.060313,21.072533,0.0,3.86,24.96,85.92,100.0,2.65,6.232e-07,30.0,25.43,13.657400000000003,1.806,87.90432551319648,6.59166873968629,3.86,21.1,60.96,14.079999999999998,0.7102061101825801,1.3815028099924112,1.6340437818275955,1.7945406838617073,1.9440102459531006,2.113385185472205,2.3173275654095358,2.8420294695984514,3.306893055758719,3.586842380974571,1,0,1,-6.205372555335492,11.772599999999997,0,0.45442235999999986,-7.625784775700652,7.808699999999997,2.037,9.34
151,0.095744,0.239967,0.439865,0.724524,1.220763,2.270468,4.089552,6.425609,11.704898,17.51376,24.907956,1.0,0.79,7.3,57.87,150.0,2.65,1.966340280000001e-05,19.300399999999996,0.0,0.0,1.1059999999999994,23.71394552139038,0.8900447859459969,0.79,6.51,50.57,42.13,0.3990399546021983,0.6622078390846884,0.8789412086232704,1.105519790304125,1.3750038178167696,1.6305641672469695,1.8268027275735734,2.0872560659641266,2.262267826540965,2.415226522354839,1,1,1,-4.706341324276736,0.0,0,0.0,-5.504421233481133,14.6,2.026,7.95
152,0.006876,0.028575,0.118751,0.335301,0.914285,3.16951,8.927653,17.233412,25.123684,30.334675,44.551203,0.0,1.31,25.55,56.32,150.0,2.65,7.670104778245614e-06,21.864799999999995,33.881000000000014,19.661999999999995,2.0359999999999996,460.9525887143688,0.6470629846551906,1.31,24.240000000000002,30.77,43.68,0.6186503710523044,1.2373014074831803,1.6880989806533944,2.123745726661919,2.6636562583210814,3.113401433749424,3.3990354028208474,3.5627474542938655,3.644603478340618,3.811523567612824,1,1,1,-5.115198703286602,14.219000000000019,0,0.18626890000000024,-6.35249944539121,4.085870000000009,2.025,9.74
153,0.22067,0.418051,0.866519,2.274199,5.595488,10.185479,16.4612,23.48174,34.902261,46.891817,55.981322,0.0,0.0,3.76,38.81,150.0,2.65,1.49443838e-05,17.562999999999995,0.0,0.0,0.6000000000000002,46.15706258213623,0.33406534615269873,0.0,3.76,35.050000000000004,61.19,0.2774859716153974,0.5940347948380987,1.0130851692204992,1.4040946736853939,1.6642381626918454,1.8727181965212067,2.0269869800356743,2.1991102668492983,2.3273537664296473,2.4042998551137233,1,1,1,-4.825521987468252,0.0,0,0.0,-5.380493930699047,14.6,2.199,6.65
154,0.057778,0.215045,0.423592,0.704024,1.092965,1.590381,2.195085,2.788446,3.542201,3.992351,9.444253,0.0,0.0,10.37,66.11,100.0,2.65,5.1135e-07,30.0,0.0,0.0,1.8,27.525719131849492,1.9526833158400785,0.0,10.37,55.74,33.89,0.5707668446936581,0.8651852448291242,1.085824959827799,1.2768437502117582,1.4397386740893559,1.579688837478625,1.6835997339692177,1.7875106967687906,1.839466212093234,2.213405108225472,1,0,0,-6.291281739715427,0.0,0,0.0,-7.432815429102743,14.6,2.016,9.55
155,5e-06,4e-05,0.00035,0.003084,0.027149,0.154767,0.288912,0.44727,0.931476,2.482994,5.388427,0.0,38.03,53.87,94.07,100.0,2.65,1.1e-10,30.0,46.725,25.31380000000001,3.7539999999999996,30953.399999999994,0.1583024805029496,38.03,15.839999999999996,40.199999999999996,5.930000000000007,0.9030899869919438,1.845098040014257,2.7901443650429005,3.734783833180738,4.490708359984204,4.761795576364358,4.951599765127958,5.270201665200223,5.696005665774309,6.032491999269483,1,0,1,-9.958607314841775,21.41119999999999,0,8.142679359999995,-11.764787288825662,1.9019499999999887,1.734,17.73
156,0.24303,0.40599,0.57375,0.75285,0.93196,1.41602,2.27589,5.10353,13.46081,21.861072,29.243652,0.0,0.0,0.0,67.28,150.0,2.65,5.383759000000005e-05,13.594399999999993,0.0,0.0,0.42600000000000016,5.826523474468173,0.9565686044509663,0.0,0.0,67.28,32.72,0.2228554496454136,0.37306281165369587,0.4910485678461164,0.583737385814214,0.7654095005216607,0.9714913806963168,1.3222107851292513,1.7434113073162507,1.954011567715178,2.0803717202591057,1,1,1,-4.268914389221065,0.0,0,0.0,-4.7146252885118916,14.6,1.941,8.91
157,0.533298,0.685363,0.880787,1.41077,2.746089,5.028392,8.855861,15.990548,25.394043,32.0,48.046784,0.0,0.0,0.0,45.01,150.0,2.63,5.665145420000005e-05,13.260199999999998,0.0,0.0,0.45199999999999996,9.428859661952604,0.28929618749620806,0.0,0.0,45.01,54.99,0.1089506999354605,0.2179009410559033,0.42248626085516905,0.7117446535215265,0.9744591717969354,1.2202608363424354,1.4768933924059087,1.6777618956758091,1.7781800233461846,1.954694368606361,1,1,1,-4.246788937646483,0.0,0,0.0,-4.464690337517403,14.6,2.033,6.73
158,0.469947,0.88898,1.800014,3.543781,5.224274,7.238031,10.637093,16.037847,22.47648,26.608441,29.443817,0.0,0.0,1.19,31.45,150.0,2.65,4.86608e-06,7.5,0.0,0.0,0.3,15.40180275648105,0.9525382967859405,0.0,1.19,30.259999999999998,68.55,0.2768431089146016,0.5832270013949756,0.8774179937984774,1.045977064973833,1.1875715572890577,1.3547740747490657,1.5330971844781354,1.6796794166247735,1.7529705482551818,1.7969452282881295,1,0,0,-5.312820755398429,0.0,0,0.0,-5.866506973227632,14.6,2.107,3.54
159,0.001187,0.004857,0.010005,0.015569,0.021174,0.027214,0.034724,0.055343,1.853489,10.47409,13.505744,1.0,13.23,80.72,90.09,100.0,2.67,5.5231366331064016e-08,22.5952,27.27,15.73,2.6419999999999986,22.92670598146588,3.0987824419377787,13.23,67.49,9.370000000000005,9.909999999999997,0.6119173845184451,0.9257663740176392,1.1178099996874524,1.2513521897890216,1.3603416614967359,1.4661790285944325,1.6686119784620534,3.1935392939880205,3.945665582359534,4.056067794499981,0,1,1,-7.257814212928745,11.54,0,1.5267419999999998,-8.481648981965634,6.2329,1.799,16.67
160,0.1534,0.27686,0.35159,0.42632,0.50254,0.6825,0.86245,1.23602,2.79626,4.205848,5.373029,0.0,0.0,0.0,85.89,100.0,2.65,7.342190700000002e-05,24.5264,0.0,0.0,0.5319999999999998,4.4491525423728815,1.1807148167781805,0.0,0.0,85.89,14.11,0.25643485494759943,0.36021115466539344,0.4439103476198932,0.5153452758087159,0.6482772960998314,0.7499085669108634,0.9062001385017803,1.260752190620755,1.4380282135509181,1.5443938249918356,1,1,1,-4.134174339679193,0.0,1,0.0,-4.647044049574392,14.6,1.903,8.45
161,0.184749,0.346933,0.651491,1.090508,1.429613,1.874168,2.442269,3.181598,4.171824,4.84799,5.305217,0.0,0.0,0.0,62.4,100.0,2.65,8.8147166e-05,25.3756,0.0,0.0,0.514,10.144401322875902,1.2258186551432508,0.0,0.0,62.4,37.6,0.2736635152176754,0.547326324197748,0.7710467595778707,0.8886363923698466,1.0062264220107282,1.1212114006016574,1.2360632086278946,1.3537438818740677,1.4189796189892343,1.4581210562597882,1,1,1,-4.0547916460458495,0.0,0,0.0,-4.602118676481201,14.6,1.886,9.14
162,0.061643,0.095272,0.147247,0.227576,0.351728,0.54361,0.840171,1.587401,3.153494,4.278442,5.235551,0.0,0.0,10.5,83.0,100.0,2.72,2.0899878913333333e-05,21.290399999999995,0.0,0.0,1.1179999999999999,8.818681764352807,0.6470259614935373,0.0,10.5,72.5,17.0,0.1890815157397674,0.3781626887521009,0.567242693244632,0.7563231760484942,0.9454036707038438,1.1344839205003256,1.4108028830460826,1.7089082425070805,1.8414018824110157,1.9290786279397336,1,1,1,-4.679856230033611,0.0,0,0.0,-5.058019261513145,14.6,2.002,9.56
163,7.5e-05,0.000328,0.00143,0.006241,0.027241,0.118892,0.263254,0.464429,1.207181,3.812954,7.941638,0.0,32.3,55.69,92.44,100.0,2.66,2e-10,30.0,47.316800000000015,26.41100000000001,4.01,1585.2266666666667,0.22932857831757678,32.3,23.39,36.75,7.560000000000002,0.6408125803199791,1.2802747740733618,1.9201929191891827,2.560161782819329,3.200091369420904,3.5453137153821768,3.791858066853887,4.20671112800465,4.706200302525382,5.024848823543477,1,0,1,-9.698970004336019,20.905800000000006,0,6.752573400000001,-10.980595164975977,0.9645359999999954,1.92,12.76
164,0.291978,0.407386,0.591748,0.916603,2.14978,4.375613,7.513663,13.617228,24.245392,33.130071,48.718429,0.0,0.0,0.0,49.03,150.0,2.67,4.470395900000002e-05,13.497399999999997,0.0,0.0,0.44000000000000006,14.986105117508854,0.2740845556161764,0.0,0.0,49.03,50.97,0.14465597080011644,0.30678666936909815,0.4968311449386205,0.8670438888078539,1.1756887745582212,1.4105015829520715,1.6687385797326346,1.9192790807918918,2.0548722372070363,2.222343145964496,1,1,1,-4.349654013876621,0.0,0,0.0,-4.638965955476854,14.6,2.065,4.71
165,0.00514,0.020795,0.047622,0.135887,0.206311,0.292194,0.390033,0.571086,4.594793,10.14084,13.332192,1.0,7.61,32.32,87.8,100.0,2.78,8.0692e-07,1.61,30.657400000000006,16.7938,0.6,56.84708171206226,1.510013564624686,7.61,24.71,55.48,12.200000000000003,0.6069958057056766,0.9668445116940034,1.4222147917598975,1.6035592651191424,1.7547081747602744,1.8801382344712108,2.0457383947025507,2.951302831768695,3.2951108115696224,3.4139384404141664,1,0,0,-6.093169520148779,13.863600000000005,0,1.0550199600000005,-7.307161131560132,6.083698000000001,2.045,11.79
166,0.001594,0.007598,0.014468,0.022567,0.033085,0.053575,0.098829,0.181435,0.359476,0.62672,2.154186,1.0,10.92,62.64,97.76,100.0,2.65,2.2e-10,30.0,29.33,18.03,1.8,33.610414052697614,2.45113089156666,10.92,51.72,35.120000000000005,2.239999999999995,0.6782109721586078,0.9579201830294886,1.1509855118429724,1.317142821919521,1.5264738626537728,1.7923960839237678,2.056232751996138,2.353181583457139,2.594585237143697,3.130794882034725,0,0,0,-9.657577319177793,11.299999999999997,0,1.2339599999999997,-11.013999263495009,4.489099999999999,1.872,13.91
167,0.000373,0.001529,0.005404,0.011581,0.023108,0.046004,0.088225,0.179497,0.390852,0.699329,1.66568,1.0,21.9,64.8,98.38,100.0,2.65,6e-11,30.0,41.26,23.84,3.4359999999999995,123.33512064343164,1.7018694959034915,21.9,42.9,33.58,1.6200000000000045,0.6126986536036325,1.161006508541305,1.4920372298047557,1.7920535270606872,2.091086762968593,2.373882835223319,2.682348362641397,3.020303506786461,3.2729727062682943,3.649882739342043,0,0,1,-10.221848749616356,17.419999999999998,0,3.8149799999999994,-11.447246056823621,1.9002,1.748,17.15
168,0.001042,0.005304,0.00968,0.014648,0.01938,0.024827,0.031024,0.040747,0.105039,0.313931,0.855898,1.0,14.39,87.62,99.0,100.0,2.67,7.616898176500573e-08,15.506400000000001,29.17399999999999,17.702799999999993,2.1,23.826295585412666,3.6220859480039493,14.39,73.23,11.379999999999995,1.0,0.706735796433211,0.9680076383448881,1.1479106123301346,1.2694860537512411,1.3770565252724816,1.4738300727711247,1.592227920335632,2.003482859535385,2.478966484484832,2.91455429258676,1,1,0,-7.11822185006232,11.471199999999996,0,1.6507056799999995,-8.531693442928741,4.774180000000005,1.802,16.66
169,0.000363,0.000958,0.002525,0.006925,0.034107,0.100816,0.210472,0.342575,0.550214,0.860487,1.662476,1.0,27.6,55.08,98.48,100.0,2.65,8.684294000620726e-08,29.88,43.761,24.124800000000008,4.302,277.73002754820936,0.17421545423503984,27.6,27.479999999999997,43.400000000000006,1.519999999999996,0.42145888404243204,0.8423547574185677,1.2805131527003737,1.972936896167126,2.443622837234939,2.7632877029060143,2.9748490413627744,3.1806250116271357,3.3748376884759126,3.6608487593794505,1,1,1,-7.061265482236742,19.636199999999995,0,5.419591199999998,-7.904183250321606,2.290669999999995,1.727,17.86
170,0.260011,0.422184,0.714917,1.475626,3.088758,5.16923,8.005917,11.586717,17.689538,26.263721,37.711074,0.0,0.22,4.49,43.04,150.0,2.7,3.129771699999998e-05,14.501399999999999,0.0,0.0,0.564,19.880812734845833,0.38027140634620626,0.22,4.2700000000000005,38.55,56.96,0.21051004873897933,0.4392639026910393,0.7539845771554713,1.074792161671261,1.298434134540369,1.4884193617378594,1.6489686780806232,1.8327247689520418,2.0043645346479146,2.1614771795779926,1,1,1,-4.504487340743117,0.0,0,0.0,-4.925507438221076,14.6,2.164,7.01
171,0.191444,0.297487,0.381795,0.489996,0.650701,0.866716,1.356836,2.6918,6.832697,13.265064,22.014338,0.0,0.0,3.9,76.37,100.0,2.65,0.00012485172,3.75,0.0,0.0,0.44799999999999995,4.527256012202002,0.878500270216299,0.0,3.9,72.47,23.629999999999995,0.1914262322970166,0.29978847678102666,0.40815077497406194,0.5313397143810281,0.65583505414687,0.8504855981245475,1.1480010290111118,1.5525504023244765,1.8406675898865819,2.060663870408656,1,0,1,-3.903605470282089,0.0,1,0.0,-4.286457934876122,14.6,1.955,9.18
172,0.134174,0.255832,0.402088,0.667762,1.31611,3.054622,5.669355,10.590775,19.724221,24.92615,28.684575,1.0,0.61,4.16,54.22,150.0,2.65,2.4164731399999987e-05,16.454599999999996,0.0,0.0,0.7940000000000002,22.766124584494765,0.39447218144140966,0.61,3.5500000000000003,50.06,45.78,0.2802864988291053,0.47665274494865445,0.6969533340709051,0.9916238218008184,1.3572891081376186,1.6258652850425022,1.8972593744202513,2.167331492767582,2.2689868370100514,2.3299800524471737,1,1,1,-4.616818027843378,0.0,0,0.0,-5.1773910255015885,14.6,2.077,6.88
173,0.08824,0.23697,0.40367,0.64381,0.98896,2.67318,8.59645,16.04356,24.02178,29.393913,33.177888,0.0,0.0,6.59,57.08,150.0,2.65,1.7399622200000005e-05,22.3314,0.0,0.0,1.1679999999999995,30.294424297370806,0.6908110037052722,0.0,6.59,50.489999999999995,42.92,0.42902786911325896,0.6603609752232027,0.8630922186631742,1.0495132268156162,1.48136270375941,1.988653642078011,2.25963524336935,2.434939685796952,2.5225919049864673,2.575183237315305,1,1,1,-4.75946018150111,0.0,0,0.0,-5.617515919727628,14.6,2.08,6.4
174,0.020377,0.112585,0.258939,0.321219,0.398479,0.494321,0.683268,0.950172,1.533458,1.974862,2.987518,1.0,0.0,18.89,95.25,100.0,2.78,9.09602e-06,1.6,24.584,15.248,0.6,24.258772145065517,6.656495253975052,0.0,18.89,76.36,4.75,0.7423402867036819,1.1040572210081225,1.1976609802915326,1.2912651933921517,1.3848688153220792,1.5254508361084165,1.6686619828773694,1.876531640103108,1.986396507809437,2.1661702851649256,1,0,0,-5.041148593408263,9.336,0,0.0,-6.525829166815626,5.989680000000001,2.139,8.09
175,0.001582,0.00553,0.01288,0.024906,0.047364,0.127564,0.224216,0.382914,0.905258,3.853679,10.26011,1.0,11.44,52.88,93.24,100.0,2.65,7.031949481591251e-08,29.905,33.85,19.23,5.2,80.6346396965866,0.8220478882299025,11.44,41.440000000000005,40.35999999999999,6.760000000000005,0.5435186521430406,0.9107093838621356,1.1970975046005055,1.4762418932814825,1.9065216497119541,2.151460121353208,2.383894766035848,2.7575658923174533,3.3866690572255793,3.8119455377678357,0,1,0,-7.152924257949211,14.620000000000001,0,1.672528,-8.239961562235292,4.509500000000001,1.727,16.02
176,0.186528,0.341548,0.521576,0.697998,0.934094,1.325145,1.913711,2.658549,3.673804,5.358051,7.757093,0.0,0.0,4.28,71.2,100.0,2.65,8.86679104e-05,26.200599999999998,0.0,0.0,0.6039999999999999,7.104268528049408,1.1005955763299198,0.0,4.28,66.92,28.799999999999997,0.2627077129440572,0.44657356574983587,0.573110144585231,0.6996465488296505,0.8515193685990994,1.0111323195601711,1.153900635612502,1.294371949035647,1.4582628094352215,1.6189549646044608,1,1,1,-4.052233526253235,0.0,0,0.0,-4.57764895214135,14.6,1.975,9.59
177,0.006874,0.103134,0.258187,0.354112,0.485676,0.718191,1.113615,2.142173,5.937652,12.060812,20.654479,0.0,5.46,18.18,79.25,100.0,2.65,1.9390402666666663e-06,18.948,25.002199999999995,13.479400000000004,1.496,104.47934244981089,13.502657640694697,5.46,12.719999999999999,61.07,20.75,1.1761923341668383,1.5747248434738923,1.7119311163968332,1.8491371152536853,2.0190304306680074,2.2095255442976756,2.493645013349837,2.936405212628146,3.2441670200732386,3.4778047167653905,1,1,1,-5.712413172143801,11.522799999999991,0,0.6291448799999995,-8.064797840477478,7.871193999999996,2.122,8.52
178,0.12755,0.31137,0.49782,0.9318,3.00775,10.22212,17.76777,23.33526,28.90275,32.166398,34.298915,0.0,0.0,2.1,46.52,150.0,2.65,2.1466962600000002e-05,18.9148,0.0,0.0,0.8059999999999998,80.1420619364955,0.19007423142252486,0.0,2.1,44.42,53.48,0.38759630372530807,0.5913918775291707,0.8636422431663934,1.3725612725201406,1.9038605119938876,2.1439524607813856,2.2623321811841395,2.3552587034441697,2.4017219682916453,2.4295999189930018,1,1,1,-4.668229400341475,0.0,0,0.0,-5.4434220077920905,14.6,2.099,5.96
179,0.008036,0.051716,0.16668,0.27174,0.374949,0.519536,0.745843,1.153751,2.949714,6.980696,11.590603,0.0,2.52,21.06,87.27,100.0,2.63,5.836122593464053e-07,29.452399999999997,25.288400000000003,14.111200000000004,1.7479999999999996,64.65107018417123,6.654438400055528,2.52,18.54,66.21,12.730000000000004,0.8085849987062492,1.316843563709029,1.5291136429903895,1.668932271585249,1.8105757182532791,1.9676074900002805,2.157072162377513,2.5647399813788483,2.9388587973965574,3.1590661026035485,1,1,1,-6.233875593902343,11.1772,0,0.28166544,-7.851045591314842,7.316667999999997,2.083,8.95
180,0.13207,0.28587,0.45659,0.86739,2.29961,6.11558,11.6691,17.70114,24.85057,29.444482,32.599013,0.0,0.0,0.41,48.57,150.0,2.71,3.769109159999998e-05,16.630799999999994,0.0,0.0,0.7320000000000002,46.30559551752858,0.258113643666661,0.0,0.41,48.160000000000004,51.43,0.33536440382682986,0.5387222177225799,0.8174102330894769,1.2408500106943576,1.665633473859307,1.9462331837652922,2.1271970591292746,2.2745321767985995,2.3481997405866526,2.392400273296385,1,1,1,-4.4237612844397205,0.0,0,0.0,-5.09449009209338,14.6,2.156,8.15
181,0.197972,0.393107,0.603118,0.834703,1.198073,1.799898,2.427932,3.154102,4.360497,6.969632,10.803507,0.0,0.0,4.33,62.59,100.0,2.65,7.227791900000001e-05,21.7262,0.0,0.0,0.65,9.091679631463034,1.0208288031388872,0.0,4.33,58.260000000000005,37.41,0.2979070067711895,0.4837985196050095,0.6249282038613551,0.7818795103968312,0.9586441238480139,1.0886327485881515,1.2022719632624148,1.342932221496452,1.5466060772036294,1.73696098712684,1,1,1,-4.140994359982539,0.0,0,0.0,-4.736808373524918,14.6,1.993,9.79
182,0.27729,0.354247,0.452561,0.563735,0.690146,0.844904,1.055448,1.458066,2.030066,2.849607,3.492609,0.0,0.0,0.2,89.78,100.0,2.65,0.0001716736,3.75,0.0,0.0,0.2,3.047004940675827,0.8742037735281893,0.0,0.2,89.58,10.219999999999999,0.10637197328331005,0.2127429176145929,0.30814079146873796,0.39600676745494323,0.4838731584256631,0.5805026335166193,0.720842975201729,0.8645759498465329,1.0118507611995253,1.1002157610342027,1,0,0,-3.765296485595349,0.0,1,0.0,-3.9780404321619693,14.6,1.746,11.73
183,0.186807,0.29049,0.451721,0.702439,1.03439,1.224916,1.450535,1.717712,2.088163,2.590814,3.658765,0.0,0.0,0.0,89.0,100.0,2.65,0.00023076097919999997,13.1502,0.0,0.0,0.4679999999999999,6.557120450518449,0.8917458733878022,0.0,0.0,89.0,11.0,0.1917380405652822,0.38347713488389035,0.5752154699521842,0.7432911673285286,0.8167131614787831,0.8901350663612937,0.9635572036530667,1.0483712502562894,1.1420430891807292,1.29194136993407,1,1,1,-3.636837626845745,0.0,0,0.0,-4.020313707976309,14.6,1.831,13.38
184,0.154459,0.298764,0.412114,0.546485,0.682876,0.853306,1.170504,2.039046,5.475212,9.969599,16.625407,0.0,0.0,5.55,79.8,100.0,2.65,9.745206579999999e-05,23.925,0.0,0.0,0.5,5.524482225056487,1.288595820422485,0.0,5.55,74.25,20.200000000000003,0.286515046556864,0.42620414947461105,0.5487650270732407,0.6455286307038616,0.742291580576482,0.8795596833655382,1.12061380458743,1.5495877209057256,1.8098644715510241,2.0319590670985948,1,1,0,-4.011208950224846,0.0,0,0.0,-4.584239043338574,14.6,1.926,10.38
185,0.002003,0.004466,0.012412,0.042861,0.300661,0.81731,2.094107,6.185015,15.240355,22.003374,27.288649,1.0,9.99,41.97,69.6,150.0,2.66,5.564774248776853e-06,23.4508,37.7,20.18380000000001,2.5,408.0429355966051,0.09410566583961891,9.99,31.979999999999997,27.629999999999995,30.400000000000006,0.3482377694418428,0.7921608176185517,1.3303813501564135,2.17639614830058,2.6107058633634477,3.0193179192251525,3.4896598079309533,3.881314134031884,4.040808331402758,4.134301085959732,1,1,0,-5.254552449388421,17.516199999999994,0,1.7498683799999994,-5.951027988272107,4.595199999999993,1.952,9.54
186,0.12603,0.177413,0.249744,0.29979,0.359692,0.431564,0.545408,0.857718,2.320518,5.989251,16.74274,0.0,0.0,7.38,89.05,100.0,2.65,3.7458707150000014e-05,27.910199999999996,0.0,0.0,1.3,3.424295802586686,1.1467558928741615,0.0,7.38,81.67,10.950000000000003,0.1485115034850073,0.2970211270139693,0.3763432058728472,0.4554568424157581,0.5345712734941124,0.6362475675906671,0.8328705879842117,1.2651110052844468,1.6768985778001313,2.123352596820391,1,1,0,-4.42644721594397,0.0,1,0.0,-4.723470222913985,14.6,1.898,10.14
187,0.262019,0.337722,0.435297,0.550934,0.682174,0.844678,1.113407,1.857019,4.30695,10.805009,21.88485,0.0,0.0,2.95,81.45,100.0,2.65,0.00013462362540000007,6.602799999999999,0.0,0.0,0.382,3.2237280502558976,0.8561451098206897,0.0,2.95,78.5,18.549999999999997,0.11022656769816586,0.22045288926109263,0.32276679016549736,0.4155623781129187,0.5083583981284845,0.6283211625770654,0.8504835624096593,1.2158370451891436,1.6152923481478831,1.9218107894645655,1,1,1,-3.870878718117305,0.0,1,0.0,-4.091331853513637,14.6,1.841,7.45
188,0.262522,0.409387,0.638414,0.995567,2.727102,5.937202,9.996557,15.12702,22.860597,29.483701,37.109211,0.0,0.0,4.1,46.6,150.0,2.65,2.9585501199999986e-05,15.713599999999994,0.0,0.0,0.5700000000000001,22.616016943341894,0.26149131867443876,0.0,4.1,42.5,53.4,0.19296834338294816,0.3859366980095086,0.5789047884113001,1.0165356776453547,1.3544161208439114,1.5806847424322639,1.7605876768643545,1.9399218634919078,2.050416294053905,2.150316016434906,1,1,1,-4.528921069058912,0.0,0,0.0,-4.9148577558248085,14.6,1.988,6.5
189,0.001347,0.008235,0.027831,0.083787,0.170144,0.290487,0.442828,0.778081,2.065997,4.843213,9.309799,1.0,11.93,36.55,89.8,100.0,2.65,2.06e-09,30.0,30.84,17.29,2.7,215.65478841870822,1.979535640873663,11.93,24.619999999999997,53.25,10.200000000000003,0.7862960077827874,1.3151612155941494,1.793809045028624,2.101449042911099,2.3337591057035527,2.5168674777778257,2.7616572146624914,3.1857620908292548,3.555765973610665,3.839572708874555,0,0,0,-8.686132779630846,13.55,0,1.616515,-10.258724795196422,5.636800000000001,1.957,10.55
190,0.000324,0.000991,0.002984,0.008524,0.022478,0.09563,0.295871,0.543019,1.510473,4.310013,9.538295,1.0,26.28,57.46,91.62,100.0,2.65,3.9e-10,30.0,60.53,29.54,4.0,295.15432098765433,0.2873812778933208,26.28,31.18,34.160000000000004,8.379999999999995,0.48552864427866327,0.9642538085940191,1.4200984308355524,1.8412126566724223,2.4700491455696083,2.960557389367045,3.224270015424214,3.6685679563733506,4.123933569889097,4.468925739941032,0,0,0,-9.4089353929735,30.990000000000002,0,8.144172000000001,-10.379992681530826,1.403100000000002,1.71,16.59
191,0.002881,0.011201,0.025252,0.044632,0.076896,0.127275,0.168699,0.223605,0.33375,0.423932,0.489352,1.0,7.83,46.16,99.86,100.0,2.65,7.483129105409226e-07,25.6756,27.94,18.18,2.5979999999999985,44.17736896910795,1.7390224849768237,7.83,38.33,53.7,0.14000000000000057,0.589713538951814,0.9427525223749031,1.1901030901218996,1.4263604908433931,1.6451998474289629,1.767569249941379,1.8899382522404635,2.0638780160922185,2.167752941724686,2.230078109355943,0,1,1,-6.125916761888668,9.760000000000002,0,0.7642080000000001,-7.305343839792296,3.963800000000001,1.841,12.8
192,0.237326,0.309594,0.388851,0.488398,0.601537,0.739222,0.908421,1.251992,1.907113,2.709973,3.429574,0.0,0.0,1.31,91.13,100.0,2.65,9.674616640000002e-05,15.3508,0.0,0.0,0.28600000000000014,3.114795681889047,0.861878877499798,0.0,1.31,89.82,8.870000000000005,0.11544721587122031,0.2144379006602823,0.31342855733317077,0.40391702606218194,0.4934295639523695,0.5829418457661051,0.7222562343225811,0.9050311070675947,1.0576196444353076,1.1598948585796478,1,1,1,-4.014366235035787,0.0,1,0.0,-4.245260666778227,14.6,1.684,12.66
193,0.002596,0.01375,0.072833,0.190724,0.31255,0.463404,0.691903,1.074778,2.969485,6.91846,14.021063,0.0,8.45,29.13,87.32,100.0,2.63,1.0356239945266465e-07,29.985,28.218200000000007,13.942199999999998,2.33,178.5069337442219,4.409526242756772,8.45,20.68,58.19,12.680000000000007,0.7239980100379497,1.4480235108361321,1.8661006583615025,2.0806148151104904,2.2516550900749346,2.425740525522743,2.6170140800008785,3.0583764477033712,3.4257047462224763,3.7324762525731887,1,1,1,-6.9847978958870325,14.276000000000009,0,1.2063220000000008,-8.432793915962932,8.276714000000004,2.045,9.73
194,0.317978,0.512453,0.643546,0.808174,1.029417,1.608068,2.991112,7.982499,26.96365,43.313624,54.231815,0.0,0.0,1.66,64.89,150.0,2.65,2.3546638599999986e-05,15.400799999999995,0.0,0.0,0.4420000000000001,5.057167476995264,0.809949063149661,0.0,1.66,63.230000000000004,35.11,0.2072569665047872,0.30618252185375205,0.40510780110283484,0.5101942625851755,0.7039073362962804,0.973435601759969,1.3997417993907768,1.9283816077556573,2.1342274487439195,2.2318570659881996,1,1,1,-4.628071081811775,0.0,0,0.0,-5.04258501482135,14.6,1.925,7.68
195,0.13418,0.29888,0.49767,0.95465,1.96202,3.75411,8.05601,13.86693,22.65907,28.964962,33.562282,0.0,0.0,0.56,50.3,100.0,2.7,3.9528590399999985e-05,17.340999999999994,0.0,0.0,0.684,27.978163660754213,0.4916863393767532,0.0,0.56,49.739999999999995,49.7,0.3478090670101489,0.5692536743270495,0.8521563893533839,1.1650156425404543,1.4468192062897254,1.778432209099818,2.014292535708168,2.22755429353225,2.3341851755316787,2.3981636946023417,1,1,1,-4.403088672437116,0.0,0,0.0,-5.098706806457414,14.6,2.142,8.54
196,0.100777,0.212256,0.341667,0.52661,0.955715,2.339938,4.493148,7.795487,16.941993,26.677379,40.106383,1.0,0.0,5.9,57.69,100.0,2.65,1.8886374000000012e-05,18.068199999999997,0.0,0.0,0.9339999999999999,23.218968613870228,0.49504000066941883,0.0,5.9,51.79,42.31,0.32349854978704284,0.530241608542598,0.7181276760022051,0.9769669765070201,1.3658429244786472,1.6491892982424718,1.8884818258047291,2.2256030721345397,2.422781732930798,2.5998520710052495,1,1,1,-4.723851414388924,0.0,0,0.0,-5.3708485139630096,14.6,2.057,7.9
197,0.090191,0.126268,0.176777,0.247489,0.346487,0.485085,0.679124,0.950781,1.847298,2.754418,5.257618,0.0,0.0,0.0,91.1,150.0,2.65,7.553350639444445e-05,21.313999999999997,0.0,0.0,0.6499999999999999,5.37841913272943,0.7142832585573168,0.0,0.0,91.1,8.900000000000006,0.14613009936268906,0.2922625571888726,0.4383926986360206,0.5845237425378469,0.7306546431715588,0.876785876322428,1.0229172921604217,1.3113737578126274,1.4848666455735042,1.765625826382024,1,1,1,-4.121860354142864,0.0,0,0.0,-4.414120552868242,14.6,1.85,8.2
198,0.176777,0.303513,0.407383,0.559104,0.807431,1.353154,3.230437,9.337932,19.88279,28.101395,40.809084,0.0,0.0,3.91,65.4,150.0,2.65,3.121349199999998e-05,18.090999999999994,0.0,0.0,0.49200000000000005,7.654581761201967,0.6937976411898948,0.0,3.91,61.49000000000001,34.599999999999994,0.23475153799591753,0.3625771426157254,0.5000668399280286,0.6596796600081444,0.8839214662603678,1.2618355164288975,1.7228249476025224,2.0510515661471644,2.201302120124308,2.363331087299655,1,1,1,-4.5056576420525305,0.0,0,0.0,-4.975160718044366,14.6,2.059,9.02
199,0.00039,0.001069,0.002937,0.00753,0.014572,0.031049,0.105558,0.312777,0.629716,1.34152,5.694682,1.0,26.2,65.97,96.4,100.0,2.65,8e-11,30.0,44.03500000000001,24.09900000000001,4.314000000000002,79.61282051282052,0.7123536742171803,26.2,39.769999999999996,30.430000000000007,3.5999999999999943,0.43791309818227875,0.8768393394963012,1.2857303691742015,1.572454555543379,1.9009830103210268,2.4324265460524686,2.904170202769444,3.2080801210912417,3.536532544692522,4.164404870378753,1,0,1,-10.096910013008056,19.936,0,5.223231999999999,-10.972736209372613,2.390449999999994,1.711,19.03
200,0.001073,0.004276,0.010616,0.020019,0.035239,0.065721,0.141798,0.272109,0.42022,0.604253,1.358071,1.0,14.56,59.46,98.43,100.0,2.65,7e-11,30.0,32.3,17.37,2.8,61.2497670083877,1.5981514559421481,14.56,44.9,38.970000000000006,1.5699999999999932,0.6004379745707893,0.995361187890428,1.2708426576044827,1.5164238536922212,1.7871044410012393,2.121070383386814,2.4041431843330905,2.5928769964584237,2.7506190933077153,3.102322753502962,0,0,0,-10.154901959985743,14.929999999999996,0,2.1738079999999997,-11.355777909127323,5.950999999999999,1.882,14.07
